archetype,branch,node_order,unlock_level_project_v1,required_branch_points_project_v1,skill_point_cost_project_v1,ability_id,primary_prereq_ability_id,additional_prereq_ability_ids,is_branch_root,is_capstone,raw_training_cost,purchase_status,evidence,project_status
Soldier,Automatic Weapons,1,1,0,1,598,,,True,False,0,VERIFY RAW COST 0,SOURCE-BACKED branch; level/order/prerequisites = PROJECT FINAL v1,FINAL_V1
Soldier,Automatic Weapons,2,5,2,1,717,598,,False,False,1,SUPPORTED AS TRAINABLE,SOURCE-BACKED branch; level/order/prerequisites = PROJECT FINAL v1,FINAL_V1
Soldier,Automatic Weapons,3,5,2,1,715,598,,False,False,1,SUPPORTED AS TRAINABLE,SOURCE-BACKED branch; level/order/prerequisites = PROJECT FINAL v1,FINAL_V1
Soldier,Automatic Weapons,4,10,4,1,716,598,,False,False,1,SUPPORTED AS TRAINABLE,SOURCE-BACKED branch; level/order/prerequisites = PROJECT FINAL v1,FINAL_V1
Soldier,Automatic Weapons,5,10,4,1,714,598,,False,False,1,SUPPORTED AS TRAINABLE,SOURCE-BACKED branch; level/order/prerequisites = PROJECT FINAL v1,FINAL_V1
Soldier,Automatic Weapons,6,15,6,1,657,717,,False,False,1,SUPPORTED AS TRAINABLE,SOURCE-BACKED branch; level/order/prerequisites = PROJECT FINAL v1,FINAL_V1
Soldier,Automatic Weapons,7,15,6,1,719,715,,False,False,1,SUPPORTED AS TRAINABLE,SOURCE-BACKED branch; level/order/prerequisites = PROJECT FINAL v1,FINAL_V1
Soldier,Automatic Weapons,8,20,8,1,891,716,,False,False,0,VERIFY RAW COST 0,SOURCE-BACKED branch; level/order/prerequisites = PROJECT FINAL v1,FINAL_V1
Soldier,Automatic Weapons,9,20,8,1,718,657,,False,False,0,VERIFY RAW COST 0,SOURCE-BACKED branch; level/order/prerequisites = PROJECT FINAL v1,FINAL_V1
Soldier,Automatic Weapons,10,25,10,1,720,891,,False,False,1,SUPPORTED AS TRAINABLE,SOURCE-BACKED branch; level/order/prerequisites = PROJECT FINAL v1,FINAL_V1
Soldier,Automatic Weapons,11,25,10,1,713,716,,False,False,1,SUPPORTED AS TRAINABLE,SOURCE-BACKED branch; level/order/prerequisites = PROJECT FINAL v1,FINAL_V1
Soldier,Automatic Weapons,12,30,12,1,723,719,,False,False,1,SUPPORTED AS TRAINABLE,SOURCE-BACKED branch; level/order/prerequisites = PROJECT FINAL v1,FINAL_V1
Soldier,Automatic Weapons,13,30,12,1,725,718,,False,False,1,SUPPORTED AS TRAINABLE,SOURCE-BACKED branch; level/order/prerequisites = PROJECT FINAL v1,FINAL_V1
Soldier,Automatic Weapons,14,35,14,1,1474,720,,False,False,1,SUPPORTED AS TRAINABLE,SOURCE-BACKED branch; level/order/prerequisites = PROJECT FINAL v1,FINAL_V1
Soldier,Automatic Weapons,15,35,14,1,867,725,,False,False,0,VERIFY RAW COST 0,SOURCE-BACKED branch; level/order/prerequisites = PROJECT FINAL v1,FINAL_V1
Soldier,Automatic Weapons,16,35,14,1,722,713,,False,False,1,SUPPORTED AS TRAINABLE,SOURCE-BACKED branch; level/order/prerequisites = PROJECT FINAL v1,FINAL_V1
Soldier,Automatic Weapons,17,40,16,1,1879,722,,False,False,1,SUPPORTED AS TRAINABLE,SOURCE-BACKED branch; level/order/prerequisites = PROJECT FINAL v1,FINAL_V1
Soldier,Automatic Weapons,18,40,16,1,1446,723,,False,False,1,SUPPORTED AS TRAINABLE,SOURCE-BACKED branch; level/order/prerequisites = PROJECT FINAL v1,FINAL_V1
Soldier,Automatic Weapons,19,45,18,1,1475,1879,,False,False,1,SUPPORTED AS TRAINABLE,SOURCE-BACKED branch; level/order/prerequisites = PROJECT FINAL v1,FINAL_V1
Soldier,Automatic Weapons,20,45,18,1,1445,1446,,False,False,1,SUPPORTED AS TRAINABLE,SOURCE-BACKED branch; level/order/prerequisites = PROJECT FINAL v1,FINAL_V1
Soldier,Automatic Weapons,21,45,18,1,1476,1474,,False,False,1,SUPPORTED AS TRAINABLE,SOURCE-BACKED branch; level/order/prerequisites = PROJECT FINAL v1,FINAL_V1
Soldier,Automatic Weapons,22,50,20,1,1477,1476,867,False,True,1,SUPPORTED AS TRAINABLE,SOURCE-BACKED branch; level/order/prerequisites = PROJECT FINAL v1,FINAL_V1
Soldier,Heavy Weapons,1,1,0,1,612,,,True,False,0,VERIFY RAW COST 0,SOURCE-BACKED branch; level/order/prerequisites = PROJECT FINAL v1,FINAL_V1
Soldier,Heavy Weapons,2,5,2,1,632,612,,False,False,1,SUPPORTED AS TRAINABLE,SOURCE-BACKED branch; level/order/prerequisites = PROJECT FINAL v1,FINAL_V1
Soldier,Heavy Weapons,3,5,2,1,851,612,,False,False,1,SUPPORTED AS TRAINABLE,SOURCE-BACKED branch; level/order/prerequisites = PROJECT FINAL v1,FINAL_V1
Soldier,Heavy Weapons,4,10,4,1,658,632,,False,False,1,SUPPORTED AS TRAINABLE,SOURCE-BACKED branch; level/order/prerequisites = PROJECT FINAL v1,FINAL_V1
Soldier,Heavy Weapons,5,10,4,1,819,851,,False,False,1,SUPPORTED AS TRAINABLE,SOURCE-BACKED branch; level/order/prerequisites = PROJECT FINAL v1,FINAL_V1
Soldier,Heavy Weapons,6,15,6,1,656,632,,False,False,1,SUPPORTED AS TRAINABLE,SOURCE-BACKED branch; level/order/prerequisites = PROJECT FINAL v1,FINAL_V1
Soldier,Heavy Weapons,7,15,6,1,2419,612,,False,False,0,VERIFY RAW COST 0,SOURCE-BACKED branch; level/order/prerequisites = PROJECT FINAL v1,FINAL_V1
Soldier,Heavy Weapons,8,15,6,1,1883,612,,False,False,0,VERIFY RAW COST 0,SOURCE-BACKED branch; level/order/prerequisites = PROJECT FINAL v1,FINAL_V1
Soldier,Heavy Weapons,9,20,8,1,808,658,,False,False,1,SUPPORTED AS TRAINABLE,SOURCE-BACKED branch; level/order/prerequisites = PROJECT FINAL v1,FINAL_V1
Soldier,Heavy Weapons,10,20,8,1,2103,2419,,False,False,1,SUPPORTED AS TRAINABLE,SOURCE-BACKED branch; level/order/prerequisites = PROJECT FINAL v1,FINAL_V1
Soldier,Heavy Weapons,11,20,8,1,1483,2419,,False,False,1,SUPPORTED AS TRAINABLE,SOURCE-BACKED branch; level/order/prerequisites = PROJECT FINAL v1,FINAL_V1
Soldier,Heavy Weapons,12,25,10,1,818,656,,False,False,1,SUPPORTED AS TRAINABLE,SOURCE-BACKED branch; level/order/prerequisites = PROJECT FINAL v1,FINAL_V1
Soldier,Heavy Weapons,13,25,10,1,1882,2103,,False,False,1,SUPPORTED AS TRAINABLE,SOURCE-BACKED branch; level/order/prerequisites = PROJECT FINAL v1,FINAL_V1
Soldier,Heavy Weapons,14,25,10,1,2102,1883,,False,False,1,SUPPORTED AS TRAINABLE,SOURCE-BACKED branch; level/order/prerequisites = PROJECT FINAL v1,FINAL_V1
Soldier,Heavy Weapons,15,30,12,1,853,808,,False,False,1,SUPPORTED AS TRAINABLE,SOURCE-BACKED branch; level/order/prerequisites = PROJECT FINAL v1,FINAL_V1
Soldier,Heavy Weapons,16,30,12,1,724,2103,,False,False,1,SUPPORTED AS TRAINABLE,SOURCE-BACKED branch; level/order/prerequisites = PROJECT FINAL v1,FINAL_V1
Soldier,Heavy Weapons,17,30,12,1,1885,1882,,False,False,1,SUPPORTED AS TRAINABLE,SOURCE-BACKED branch; level/order/prerequisites = PROJECT FINAL v1,FINAL_V1
Soldier,Heavy Weapons,18,35,14,1,852,724,,False,False,1,SUPPORTED AS TRAINABLE,SOURCE-BACKED branch; level/order/prerequisites = PROJECT FINAL v1,FINAL_V1
Soldier,Heavy Weapons,19,35,14,1,1889,2102,,False,False,1,SUPPORTED AS TRAINABLE,SOURCE-BACKED branch; level/order/prerequisites = PROJECT FINAL v1,FINAL_V1
Soldier,Heavy Weapons,20,35,14,1,2143,853,,False,False,1,SUPPORTED AS TRAINABLE,SOURCE-BACKED branch; level/order/prerequisites = PROJECT FINAL v1,FINAL_V1
Soldier,Heavy Weapons,21,40,16,1,1485,852,,False,False,0,VERIFY RAW COST 0,SOURCE-BACKED branch; level/order/prerequisites = PROJECT FINAL v1,FINAL_V1
Soldier,Heavy Weapons,22,40,16,1,2105,1885,,False,False,1,SUPPORTED AS TRAINABLE,SOURCE-BACKED branch; level/order/prerequisites = PROJECT FINAL v1,FINAL_V1
Soldier,Heavy Weapons,23,40,16,1,1487,818,,False,False,1,SUPPORTED AS TRAINABLE,SOURCE-BACKED branch; level/order/prerequisites = PROJECT FINAL v1,FINAL_V1
Soldier,Heavy Weapons,24,45,18,1,1456,2143,,False,False,1,SUPPORTED AS TRAINABLE,SOURCE-BACKED branch; level/order/prerequisites = PROJECT FINAL v1,FINAL_V1
Soldier,Heavy Weapons,25,50,20,1,1486,1487,1456,False,True,1,SUPPORTED AS TRAINABLE,SOURCE-BACKED branch; level/order/prerequisites = PROJECT FINAL v1,FINAL_V1
Soldier,Command,1,1,0,1,1642,,,True,False,1,SUPPORTED AS TRAINABLE,SOURCE-BACKED branch; level/order/prerequisites = PROJECT FINAL v1,FINAL_V1
Soldier,Command,2,5,2,1,637,1642,,False,False,1,SUPPORTED AS TRAINABLE,SOURCE-BACKED branch; level/order/prerequisites = PROJECT FINAL v1,FINAL_V1
Soldier,Command,3,5,2,1,1454,1642,,False,False,1,SUPPORTED AS TRAINABLE,SOURCE-BACKED branch; level/order/prerequisites = PROJECT FINAL v1,FINAL_V1
Soldier,Command,4,5,2,1,523,1642,,False,False,0,VERIFY RAW COST 0,SOURCE-BACKED branch; level/order/prerequisites = PROJECT FINAL v1,FINAL_V1
Soldier,Command,5,10,4,1,1452,1454,,False,False,1,SUPPORTED AS TRAINABLE,SOURCE-BACKED branch; level/order/prerequisites = PROJECT FINAL v1,FINAL_V1
Soldier,Command,6,10,4,1,858,1642,,False,False,1,SUPPORTED AS TRAINABLE,SOURCE-BACKED branch; level/order/prerequisites = PROJECT FINAL v1,FINAL_V1
Soldier,Command,7,10,4,1,1455,523,,False,False,1,SUPPORTED AS TRAINABLE,SOURCE-BACKED branch; level/order/prerequisites = PROJECT FINAL v1,FINAL_V1
Soldier,Command,8,15,6,1,1619,637,,False,False,1,SUPPORTED AS TRAINABLE,SOURCE-BACKED branch; level/order/prerequisites = PROJECT FINAL v1,FINAL_V1
Soldier,Command,9,15,6,1,1453,858,,False,False,1,SUPPORTED AS TRAINABLE,SOURCE-BACKED branch; level/order/prerequisites = PROJECT FINAL v1,FINAL_V1
Soldier,Command,10,15,6,1,868,1455,,False,False,1,SUPPORTED AS TRAINABLE,SOURCE-BACKED branch; level/order/prerequisites = PROJECT FINAL v1,FINAL_V1
Soldier,Command,11,20,8,1,1450,637,,False,False,1,SUPPORTED AS TRAINABLE,SOURCE-BACKED branch; level/order/prerequisites = PROJECT FINAL v1,FINAL_V1
Soldier,Command,12,20,8,1,869,1453,,False,False,0,VERIFY RAW COST 0,SOURCE-BACKED branch; level/order/prerequisites = PROJECT FINAL v1,FINAL_V1
Soldier,Command,13,20,8,1,861,868,,False,False,1,SUPPORTED AS TRAINABLE,SOURCE-BACKED branch; level/order/prerequisites = PROJECT FINAL v1,FINAL_V1
Soldier,Command,14,25,10,1,1891,869,,False,False,1,SUPPORTED AS TRAINABLE,SOURCE-BACKED branch; level/order/prerequisites = PROJECT FINAL v1,FINAL_V1
Soldier,Command,15,25,10,1,1457,1452,,False,False,0,VERIFY RAW COST 0,SOURCE-BACKED branch; level/order/prerequisites = PROJECT FINAL v1,FINAL_V1
Soldier,Command,16,25,10,1,854,861,,False,False,1,SUPPORTED AS TRAINABLE,SOURCE-BACKED branch; level/order/prerequisites = PROJECT FINAL v1,FINAL_V1
Soldier,Command,17,30,12,1,1479,854,,False,False,1,SUPPORTED AS TRAINABLE,SOURCE-BACKED branch; level/order/prerequisites = PROJECT FINAL v1,FINAL_V1
Soldier,Command,18,30,12,1,1451,1457,,False,False,0,VERIFY RAW COST 0,SOURCE-BACKED branch; level/order/prerequisites = PROJECT FINAL v1,FINAL_V1
Soldier,Command,19,35,14,1,1458,1450,,False,False,1,SUPPORTED AS TRAINABLE,SOURCE-BACKED branch; level/order/prerequisites = PROJECT FINAL v1,FINAL_V1
Soldier,Command,20,35,14,1,1364,1479,,False,False,1,SUPPORTED AS TRAINABLE,SOURCE-BACKED branch; level/order/prerequisites = PROJECT FINAL v1,FINAL_V1
Soldier,Command,21,40,16,1,1329,1364,,False,False,1,SUPPORTED AS TRAINABLE,SOURCE-BACKED branch; level/order/prerequisites = PROJECT FINAL v1,FINAL_V1
Soldier,Command,22,40,16,1,856,1619,,False,False,0,VERIFY RAW COST 0,SOURCE-BACKED branch; level/order/prerequisites = PROJECT FINAL v1,FINAL_V1
Soldier,Command,23,40,16,1,2864,1364,,False,False,1,SUPPORTED AS TRAINABLE,SOURCE-BACKED branch; level/order/prerequisites = PROJECT FINAL v1,FINAL_V1
Soldier,Command,24,45,18,1,1894,2864,1329,False,False,1,SUPPORTED AS TRAINABLE,SOURCE-BACKED branch; level/order/prerequisites = PROJECT FINAL v1,FINAL_V1
Soldier,Command,25,50,20,1,1893,1891,"1458,1451",False,True,1,SUPPORTED AS TRAINABLE,SOURCE-BACKED branch; level/order/prerequisites = PROJECT FINAL v1,FINAL_V1
Commando,Demolitions,1,1,0,1,642,,,True,False,0,VERIFY RAW COST 0,SOURCE-BACKED branch; level/order/prerequisites = PROJECT FINAL v1,FINAL_V1
Commando,Demolitions,2,5,2,1,523,642,,False,False,0,VERIFY RAW COST 0,SOURCE-BACKED branch; level/order/prerequisites = PROJECT FINAL v1,FINAL_V1
Commando,Demolitions,3,5,2,1,883,642,,False,False,1,SUPPORTED AS TRAINABLE,SOURCE-BACKED branch; level/order/prerequisites = PROJECT FINAL v1,FINAL_V1
Commando,Demolitions,4,10,4,1,887,642,,False,False,1,SUPPORTED AS TRAINABLE,SOURCE-BACKED branch; level/order/prerequisites = PROJECT FINAL v1,FINAL_V1
Commando,Demolitions,5,10,4,1,647,887,,False,False,1,SUPPORTED AS TRAINABLE,SOURCE-BACKED branch; level/order/prerequisites = PROJECT FINAL v1,FINAL_V1
Commando,Demolitions,6,15,6,1,886,642,,False,False,1,SUPPORTED AS TRAINABLE,SOURCE-BACKED branch; level/order/prerequisites = PROJECT FINAL v1,FINAL_V1
Commando,Demolitions,7,15,6,1,861,523,,False,False,1,SUPPORTED AS TRAINABLE,SOURCE-BACKED branch; level/order/prerequisites = PROJECT FINAL v1,FINAL_V1
Commando,Demolitions,8,15,6,1,884,883,,False,False,1,SUPPORTED AS TRAINABLE,SOURCE-BACKED branch; level/order/prerequisites = PROJECT FINAL v1,FINAL_V1
Commando,Demolitions,9,20,8,1,885,647,,False,False,1,SUPPORTED AS TRAINABLE,SOURCE-BACKED branch; level/order/prerequisites = PROJECT FINAL v1,FINAL_V1
Commando,Demolitions,10,20,8,1,888,886,,False,False,1,SUPPORTED AS TRAINABLE,SOURCE-BACKED branch; level/order/prerequisites = PROJECT FINAL v1,FINAL_V1
Commando,Demolitions,11,25,10,1,1259,885,,False,False,1,SUPPORTED AS TRAINABLE,SOURCE-BACKED branch; level/order/prerequisites = PROJECT FINAL v1,FINAL_V1
Commando,Demolitions,12,25,10,1,890,888,,False,False,1,SUPPORTED AS TRAINABLE,SOURCE-BACKED branch; level/order/prerequisites = PROJECT FINAL v1,FINAL_V1
Commando,Demolitions,13,25,10,1,1364,861,,False,False,1,SUPPORTED AS TRAINABLE,SOURCE-BACKED branch; level/order/prerequisites = PROJECT FINAL v1,FINAL_V1
Commando,Demolitions,14,30,12,1,901,884,,False,False,1,SUPPORTED AS TRAINABLE,SOURCE-BACKED branch; level/order/prerequisites = PROJECT FINAL v1,FINAL_V1
Commando,Demolitions,15,30,12,1,889,1259,,False,False,1,SUPPORTED AS TRAINABLE,SOURCE-BACKED branch; level/order/prerequisites = PROJECT FINAL v1,FINAL_V1
Commando,Demolitions,16,35,14,1,1363,890,,False,False,1,SUPPORTED AS TRAINABLE,SOURCE-BACKED branch; level/order/prerequisites = PROJECT FINAL v1,FINAL_V1
Commando,Demolitions,17,35,14,1,2864,1364,,False,False,1,SUPPORTED AS TRAINABLE,SOURCE-BACKED branch; level/order/prerequisites = PROJECT FINAL v1,FINAL_V1
Commando,Demolitions,18,35,14,1,1366,1363,,False,False,0,VERIFY RAW COST 0,SOURCE-BACKED branch; level/order/prerequisites = PROJECT FINAL v1,FINAL_V1
Commando,Demolitions,19,40,16,1,1362,889,,False,False,1,SUPPORTED AS TRAINABLE,SOURCE-BACKED branch; level/order/prerequisites = PROJECT FINAL v1,FINAL_V1
Commando,Demolitions,20,40,16,1,2172,901,,False,False,1,SUPPORTED AS TRAINABLE,SOURCE-BACKED branch; level/order/prerequisites = PROJECT FINAL v1,FINAL_V1
Commando,Demolitions,21,45,18,1,2173,1362,,False,False,1,SUPPORTED AS TRAINABLE,SOURCE-BACKED branch; level/order/prerequisites = PROJECT FINAL v1,FINAL_V1
Commando,Demolitions,22,45,18,1,3358,2173,,False,False,0,VERIFY RAW COST 0,SOURCE-BACKED branch; level/order/prerequisites = PROJECT FINAL v1,FINAL_V1
Commando,Demolitions,23,50,20,1,1868,642,"3358,2172",False,True,1,SUPPORTED AS TRAINABLE,SOURCE-BACKED branch; level/order/prerequisites = PROJECT FINAL v1,FINAL_V1
Commando,Stealth / Infiltration,1,1,0,1,646,,,True,False,1,SUPPORTED AS TRAINABLE,RECONSTRUCTION STRONG branch; level/order/prerequisites = PROJECT FINAL v1,FINAL_V1
Commando,Stealth / Infiltration,2,5,2,1,649,646,,False,False,1,SUPPORTED AS TRAINABLE,RECONSTRUCTION STRONG branch; level/order/prerequisites = PROJECT FINAL v1,FINAL_V1
Commando,Stealth / Infiltration,3,5,2,1,641,646,,False,False,0,VERIFY RAW COST 0,RECONSTRUCTION STRONG branch; level/order/prerequisites = PROJECT FINAL v1,FINAL_V1
Commando,Stealth / Infiltration,4,10,4,1,651,641,,False,False,1,SUPPORTED AS TRAINABLE,RECONSTRUCTION STRONG branch; level/order/prerequisites = PROJECT FINAL v1,FINAL_V1
Commando,Stealth / Infiltration,5,10,4,1,1518,646,,False,False,1,SUPPORTED AS TRAINABLE,RECONSTRUCTION STRONG branch; level/order/prerequisites = PROJECT FINAL v1,FINAL_V1
Commando,Stealth / Infiltration,6,15,6,1,872,1518,,False,False,1,SUPPORTED AS TRAINABLE,RECONSTRUCTION STRONG branch; level/order/prerequisites = PROJECT FINAL v1,FINAL_V1
Commando,Stealth / Infiltration,7,15,6,1,874,649,,False,False,1,SUPPORTED AS TRAINABLE,RECONSTRUCTION STRONG branch; level/order/prerequisites = PROJECT FINAL v1,FINAL_V1
Commando,Stealth / Infiltration,8,20,8,1,873,651,,False,False,1,SUPPORTED AS TRAINABLE,RECONSTRUCTION STRONG branch; level/order/prerequisites = PROJECT FINAL v1,FINAL_V1
Commando,Stealth / Infiltration,9,20,8,1,880,874,,False,False,0,VERIFY RAW COST 0,RECONSTRUCTION STRONG branch; level/order/prerequisites = PROJECT FINAL v1,FINAL_V1
Commando,Stealth / Infiltration,10,20,8,1,863,873,,False,False,1,SUPPORTED AS TRAINABLE,RECONSTRUCTION STRONG branch; level/order/prerequisites = PROJECT FINAL v1,FINAL_V1
Commando,Stealth / Infiltration,11,25,10,1,860,646,,False,False,1,SUPPORTED AS TRAINABLE,RECONSTRUCTION STRONG branch; level/order/prerequisites = PROJECT FINAL v1,FINAL_V1
Commando,Stealth / Infiltration,12,25,10,1,1246,863,,False,False,1,SUPPORTED AS TRAINABLE,RECONSTRUCTION STRONG branch; level/order/prerequisites = PROJECT FINAL v1,FINAL_V1
Commando,Stealth / Infiltration,13,30,12,1,875,880,,False,False,1,SUPPORTED AS TRAINABLE,RECONSTRUCTION STRONG branch; level/order/prerequisites = PROJECT FINAL v1,FINAL_V1
Commando,Stealth / Infiltration,14,30,12,1,1250,872,,False,False,1,SUPPORTED AS TRAINABLE,RECONSTRUCTION STRONG branch; level/order/prerequisites = PROJECT FINAL v1,FINAL_V1
Commando,Stealth / Infiltration,15,30,12,1,1253,875,,False,False,0,VERIFY RAW COST 0,RECONSTRUCTION STRONG branch; level/order/prerequisites = PROJECT FINAL v1,FINAL_V1
Commando,Stealth / Infiltration,16,35,14,1,1254,1253,,False,False,1,SUPPORTED AS TRAINABLE,RECONSTRUCTION STRONG branch; level/order/prerequisites = PROJECT FINAL v1,FINAL_V1
Commando,Stealth / Infiltration,17,35,14,1,865,1250,,False,False,1,SUPPORTED AS TRAINABLE,RECONSTRUCTION STRONG branch; level/order/prerequisites = PROJECT FINAL v1,FINAL_V1
Commando,Stealth / Infiltration,18,40,16,1,1355,1246,,False,False,1,SUPPORTED AS TRAINABLE,RECONSTRUCTION STRONG branch; level/order/prerequisites = PROJECT FINAL v1,FINAL_V1
Commando,Stealth / Infiltration,19,40,16,1,1356,1355,,False,False,1,SUPPORTED AS TRAINABLE,RECONSTRUCTION STRONG branch; level/order/prerequisites = PROJECT FINAL v1,FINAL_V1
Commando,Stealth / Infiltration,20,45,18,1,1244,1254,,False,False,1,SUPPORTED AS TRAINABLE,RECONSTRUCTION STRONG branch; level/order/prerequisites = PROJECT FINAL v1,FINAL_V1
Commando,Stealth / Infiltration,21,45,18,1,866,865,,False,False,1,SUPPORTED AS TRAINABLE,RECONSTRUCTION STRONG branch; level/order/prerequisites = PROJECT FINAL v1,FINAL_V1
Commando,Stealth / Infiltration,22,50,20,1,1357,646,"866,1244",False,True,1,SUPPORTED AS TRAINABLE,RECONSTRUCTION STRONG branch; level/order/prerequisites = PROJECT FINAL v1,FINAL_V1
Commando,Precision / Marksmanship,1,1,0,1,655,,,True,False,1,SUPPORTED AS TRAINABLE,RECONSTRUCTION STRONG branch; level/order/prerequisites = PROJECT FINAL v1,FINAL_V1
Commando,Precision / Marksmanship,2,5,2,1,849,655,,False,False,1,SUPPORTED AS TRAINABLE,RECONSTRUCTION STRONG branch; level/order/prerequisites = PROJECT FINAL v1,FINAL_V1
Commando,Precision / Marksmanship,3,5,2,1,847,849,,False,False,1,SUPPORTED AS TRAINABLE,RECONSTRUCTION STRONG branch; level/order/prerequisites = PROJECT FINAL v1,FINAL_V1
Commando,Precision / Marksmanship,4,10,4,1,640,655,,False,False,1,SUPPORTED AS TRAINABLE,RECONSTRUCTION STRONG branch; level/order/prerequisites = PROJECT FINAL v1,FINAL_V1
Commando,Precision / Marksmanship,5,15,6,1,850,655,,False,False,1,SUPPORTED AS TRAINABLE,RECONSTRUCTION STRONG branch; level/order/prerequisites = PROJECT FINAL v1,FINAL_V1
Commando,Precision / Marksmanship,6,15,6,1,848,640,,False,False,1,SUPPORTED AS TRAINABLE,RECONSTRUCTION STRONG branch; level/order/prerequisites = PROJECT FINAL v1,FINAL_V1
Commando,Precision / Marksmanship,7,15,6,1,855,848,,False,False,1,SUPPORTED AS TRAINABLE,RECONSTRUCTION STRONG branch; level/order/prerequisites = PROJECT FINAL v1,FINAL_V1
Commando,Precision / Marksmanship,8,20,8,1,857,847,,False,False,1,SUPPORTED AS TRAINABLE,RECONSTRUCTION STRONG branch; level/order/prerequisites = PROJECT FINAL v1,FINAL_V1
Commando,Precision / Marksmanship,9,25,10,1,859,857,,False,False,1,SUPPORTED AS TRAINABLE,RECONSTRUCTION STRONG branch; level/order/prerequisites = PROJECT FINAL v1,FINAL_V1
Commando,Precision / Marksmanship,10,25,10,1,1332,850,,False,False,0,VERIFY RAW COST 0,RECONSTRUCTION STRONG branch; level/order/prerequisites = PROJECT FINAL v1,FINAL_V1
Commando,Precision / Marksmanship,11,25,10,1,871,859,,False,False,1,SUPPORTED AS TRAINABLE,RECONSTRUCTION STRONG branch; level/order/prerequisites = PROJECT FINAL v1,FINAL_V1
Commando,Precision / Marksmanship,12,30,12,1,1242,855,,False,False,1,SUPPORTED AS TRAINABLE,RECONSTRUCTION STRONG branch; level/order/prerequisites = PROJECT FINAL v1,FINAL_V1
Commando,Precision / Marksmanship,13,35,14,1,877,871,,False,False,1,SUPPORTED AS TRAINABLE,RECONSTRUCTION STRONG branch; level/order/prerequisites = PROJECT FINAL v1,FINAL_V1
Commando,Precision / Marksmanship,14,35,14,1,870,1242,,False,False,1,SUPPORTED AS TRAINABLE,RECONSTRUCTION STRONG branch; level/order/prerequisites = PROJECT FINAL v1,FINAL_V1
Commando,Precision / Marksmanship,15,35,14,1,1331,1332,,False,False,1,SUPPORTED AS TRAINABLE,RECONSTRUCTION STRONG branch; level/order/prerequisites = PROJECT FINAL v1,FINAL_V1
Commando,Precision / Marksmanship,16,40,16,1,1354,870,,False,False,1,SUPPORTED AS TRAINABLE,RECONSTRUCTION STRONG branch; level/order/prerequisites = PROJECT FINAL v1,FINAL_V1
Commando,Precision / Marksmanship,17,45,18,1,862,877,,False,False,1,SUPPORTED AS TRAINABLE,RECONSTRUCTION STRONG branch; level/order/prerequisites = PROJECT FINAL v1,FINAL_V1
Commando,Precision / Marksmanship,18,45,18,1,1358,1354,,False,False,0,VERIFY RAW COST 0,RECONSTRUCTION STRONG branch; level/order/prerequisites = PROJECT FINAL v1,FINAL_V1
Commando,Precision / Marksmanship,19,50,20,1,1359,655,"1358,862",False,True,1,SUPPORTED AS TRAINABLE,RECONSTRUCTION STRONG branch; level/order/prerequisites = PROJECT FINAL v1,FINAL_V1
Scientist,Medical,1,1,0,1,948,,,True,False,1,SUPPORTED AS TRAINABLE,SOURCE-BACKED branch; level/order/prerequisites = PROJECT FINAL v1,FINAL_V1
Scientist,Medical,2,5,2,1,946,948,,False,False,0,VERIFY RAW COST 0,SOURCE-BACKED branch; level/order/prerequisites = PROJECT FINAL v1,FINAL_V1
Scientist,Medical,3,5,2,1,988,948,,False,False,1,SUPPORTED AS TRAINABLE,SOURCE-BACKED branch; level/order/prerequisites = PROJECT FINAL v1,FINAL_V1
Scientist,Medical,4,10,4,1,992,948,,False,False,1,SUPPORTED AS TRAINABLE,SOURCE-BACKED branch; level/order/prerequisites = PROJECT FINAL v1,FINAL_V1
Scientist,Medical,5,10,4,1,990,948,,False,False,1,SUPPORTED AS TRAINABLE,SOURCE-BACKED branch; level/order/prerequisites = PROJECT FINAL v1,FINAL_V1
Scientist,Medical,6,15,6,1,989,988,,False,False,1,SUPPORTED AS TRAINABLE,SOURCE-BACKED branch; level/order/prerequisites = PROJECT FINAL v1,FINAL_V1
Scientist,Medical,7,15,6,1,994,948,,False,False,0,VERIFY RAW COST 0,SOURCE-BACKED branch; level/order/prerequisites = PROJECT FINAL v1,FINAL_V1
Scientist,Medical,8,20,8,1,998,990,,False,False,1,SUPPORTED AS TRAINABLE,SOURCE-BACKED branch; level/order/prerequisites = PROJECT FINAL v1,FINAL_V1
Scientist,Medical,9,20,8,1,999,998,,False,False,1,SUPPORTED AS TRAINABLE,SOURCE-BACKED branch; level/order/prerequisites = PROJECT FINAL v1,FINAL_V1
Scientist,Medical,10,20,8,1,993,989,,False,False,1,SUPPORTED AS TRAINABLE,SOURCE-BACKED branch; level/order/prerequisites = PROJECT FINAL v1,FINAL_V1
Scientist,Medical,11,25,10,1,1220,992,,False,False,1,SUPPORTED AS TRAINABLE,SOURCE-BACKED branch; level/order/prerequisites = PROJECT FINAL v1,FINAL_V1
Scientist,Medical,12,25,10,1,1228,1220,,False,False,1,SUPPORTED AS TRAINABLE,SOURCE-BACKED branch; level/order/prerequisites = PROJECT FINAL v1,FINAL_V1
Scientist,Medical,13,30,12,1,1215,999,,False,False,1,SUPPORTED AS TRAINABLE,SOURCE-BACKED branch; level/order/prerequisites = PROJECT FINAL v1,FINAL_V1
Scientist,Medical,14,30,12,1,997,993,,False,False,1,SUPPORTED AS TRAINABLE,SOURCE-BACKED branch; level/order/prerequisites = PROJECT FINAL v1,FINAL_V1
Scientist,Medical,15,30,12,1,1000,997,,False,False,1,SUPPORTED AS TRAINABLE,SOURCE-BACKED branch; level/order/prerequisites = PROJECT FINAL v1,FINAL_V1
Scientist,Medical,16,35,14,1,1217,1000,,False,False,1,SUPPORTED AS TRAINABLE,SOURCE-BACKED branch; level/order/prerequisites = PROJECT FINAL v1,FINAL_V1
Scientist,Medical,17,35,14,1,1226,1215,,False,False,1,SUPPORTED AS TRAINABLE,SOURCE-BACKED branch; level/order/prerequisites = PROJECT FINAL v1,FINAL_V1
Scientist,Medical,18,40,16,1,1227,1226,,False,False,1,SUPPORTED AS TRAINABLE,SOURCE-BACKED branch; level/order/prerequisites = PROJECT FINAL v1,FINAL_V1
Scientist,Medical,19,40,16,1,1952,1217,,False,False,1,SUPPORTED AS TRAINABLE,SOURCE-BACKED branch; level/order/prerequisites = PROJECT FINAL v1,FINAL_V1
Scientist,Medical,20,45,18,1,1223,994,,False,False,1,SUPPORTED AS TRAINABLE,SOURCE-BACKED branch; level/order/prerequisites = PROJECT FINAL v1,FINAL_V1
Scientist,Medical,21,45,18,1,1225,1223,,False,False,1,SUPPORTED AS TRAINABLE,SOURCE-BACKED branch; level/order/prerequisites = PROJECT FINAL v1,FINAL_V1
Scientist,Medical,22,50,20,1,1224,948,"1225,1952",False,True,1,SUPPORTED AS TRAINABLE,SOURCE-BACKED branch; level/order/prerequisites = PROJECT FINAL v1,FINAL_V1
Scientist,Support,1,1,0,1,1013,,,True,False,1,SUPPORTED AS TRAINABLE,SOURCE-BACKED branch; level/order/prerequisites = PROJECT FINAL v1,FINAL_V1
Scientist,Support,2,5,2,1,1016,1013,,False,False,1,SUPPORTED AS TRAINABLE,SOURCE-BACKED branch; level/order/prerequisites = PROJECT FINAL v1,FINAL_V1
Scientist,Support,3,5,2,1,1014,1013,,False,False,1,SUPPORTED AS TRAINABLE,SOURCE-BACKED branch; level/order/prerequisites = PROJECT FINAL v1,FINAL_V1
Scientist,Support,4,10,4,1,598,1013,,False,False,0,VERIFY RAW COST 0,SOURCE-BACKED branch; level/order/prerequisites = PROJECT FINAL v1,FINAL_V1
Scientist,Support,5,10,4,1,1017,1016,,False,False,1,SUPPORTED AS TRAINABLE,SOURCE-BACKED branch; level/order/prerequisites = PROJECT FINAL v1,FINAL_V1
Scientist,Support,6,15,6,1,713,598,,False,False,1,SUPPORTED AS TRAINABLE,SOURCE-BACKED branch; level/order/prerequisites = PROJECT FINAL v1,FINAL_V1
Scientist,Support,7,15,6,1,1015,1014,,False,False,1,SUPPORTED AS TRAINABLE,SOURCE-BACKED branch; level/order/prerequisites = PROJECT FINAL v1,FINAL_V1
Scientist,Support,8,20,8,1,1018,1017,,False,False,1,SUPPORTED AS TRAINABLE,SOURCE-BACKED branch; level/order/prerequisites = PROJECT FINAL v1,FINAL_V1
Scientist,Support,9,20,8,1,1005,713,,False,False,0,VERIFY RAW COST 0,SOURCE-BACKED branch; level/order/prerequisites = PROJECT FINAL v1,FINAL_V1
Scientist,Support,10,25,10,1,1012,1015,,False,False,1,SUPPORTED AS TRAINABLE,SOURCE-BACKED branch; level/order/prerequisites = PROJECT FINAL v1,FINAL_V1
Scientist,Support,11,25,10,1,1019,1018,,False,False,1,SUPPORTED AS TRAINABLE,SOURCE-BACKED branch; level/order/prerequisites = PROJECT FINAL v1,FINAL_V1
Scientist,Support,12,30,12,1,891,1005,,False,False,0,VERIFY RAW COST 0,SOURCE-BACKED branch; level/order/prerequisites = PROJECT FINAL v1,FINAL_V1
Scientist,Support,13,30,12,1,1236,1012,,False,False,1,SUPPORTED AS TRAINABLE,SOURCE-BACKED branch; level/order/prerequisites = PROJECT FINAL v1,FINAL_V1
Scientist,Support,14,35,14,1,1474,891,,False,False,1,SUPPORTED AS TRAINABLE,SOURCE-BACKED branch; level/order/prerequisites = PROJECT FINAL v1,FINAL_V1
Scientist,Support,15,35,14,1,1229,1013,,False,False,1,SUPPORTED AS TRAINABLE,SOURCE-BACKED branch; level/order/prerequisites = PROJECT FINAL v1,FINAL_V1
Scientist,Support,16,40,16,1,1231,1019,,False,False,1,SUPPORTED AS TRAINABLE,SOURCE-BACKED branch; level/order/prerequisites = PROJECT FINAL v1,FINAL_V1
Scientist,Support,17,40,16,1,1230,1229,,False,False,0,VERIFY RAW COST 0,SOURCE-BACKED branch; level/order/prerequisites = PROJECT FINAL v1,FINAL_V1
Scientist,Support,18,45,18,1,1232,1231,,False,False,1,SUPPORTED AS TRAINABLE,SOURCE-BACKED branch; level/order/prerequisites = PROJECT FINAL v1,FINAL_V1
Scientist,Support,19,45,18,1,2955,1232,,False,False,1,SUPPORTED AS TRAINABLE,SOURCE-BACKED branch; level/order/prerequisites = PROJECT FINAL v1,FINAL_V1
Scientist,Support,20,50,20,1,1235,1013,"2955,1230",False,True,1,SUPPORTED AS TRAINABLE,SOURCE-BACKED branch; level/order/prerequisites = PROJECT FINAL v1,FINAL_V1
Scientist,Robotics,1,1,0,1,962,,,True,False,1,SUPPORTED AS TRAINABLE,SECONDARY-EVIDENCE STRONG branch; level/order/prerequisites = PROJECT FINAL v1,FINAL_V1
Scientist,Robotics,2,5,2,1,943,962,,False,False,0,VERIFY RAW COST 0,SECONDARY-EVIDENCE STRONG branch; level/order/prerequisites = PROJECT FINAL v1,FINAL_V1
Scientist,Robotics,3,10,4,1,963,962,,False,False,1,SUPPORTED AS TRAINABLE,SECONDARY-EVIDENCE STRONG branch; level/order/prerequisites = PROJECT FINAL v1,FINAL_V1
Scientist,Robotics,4,10,4,1,967,962,,False,False,1,SUPPORTED AS TRAINABLE,SECONDARY-EVIDENCE STRONG branch; level/order/prerequisites = PROJECT FINAL v1,FINAL_V1
Scientist,Robotics,5,15,6,1,964,963,,False,False,1,SUPPORTED AS TRAINABLE,SECONDARY-EVIDENCE STRONG branch; level/order/prerequisites = PROJECT FINAL v1,FINAL_V1
Scientist,Robotics,6,15,6,1,972,962,,False,False,1,SUPPORTED AS TRAINABLE,SECONDARY-EVIDENCE STRONG branch; level/order/prerequisites = PROJECT FINAL v1,FINAL_V1
Scientist,Robotics,7,20,8,1,965,964,,False,False,1,SUPPORTED AS TRAINABLE,SECONDARY-EVIDENCE STRONG branch; level/order/prerequisites = PROJECT FINAL v1,FINAL_V1
Scientist,Robotics,8,20,8,1,968,967,,False,False,1,SUPPORTED AS TRAINABLE,SECONDARY-EVIDENCE STRONG branch; level/order/prerequisites = PROJECT FINAL v1,FINAL_V1
Scientist,Robotics,9,25,10,1,971,972,,False,False,1,SUPPORTED AS TRAINABLE,SECONDARY-EVIDENCE STRONG branch; level/order/prerequisites = PROJECT FINAL v1,FINAL_V1
Scientist,Robotics,10,30,12,1,944,943,,False,False,0,VERIFY RAW COST 0,SECONDARY-EVIDENCE STRONG branch; level/order/prerequisites = PROJECT FINAL v1,FINAL_V1
Scientist,Robotics,11,30,12,1,966,965,,False,False,1,SUPPORTED AS TRAINABLE,SECONDARY-EVIDENCE STRONG branch; level/order/prerequisites = PROJECT FINAL v1,FINAL_V1
Scientist,Robotics,12,35,14,1,1206,971,,False,False,1,SUPPORTED AS TRAINABLE,SECONDARY-EVIDENCE STRONG branch; level/order/prerequisites = PROJECT FINAL v1,FINAL_V1
Scientist,Robotics,13,35,14,1,1214,968,,False,False,1,SUPPORTED AS TRAINABLE,SECONDARY-EVIDENCE STRONG branch; level/order/prerequisites = PROJECT FINAL v1,FINAL_V1
Scientist,Robotics,14,40,16,1,1212,1206,,False,False,1,SUPPORTED AS TRAINABLE,SECONDARY-EVIDENCE STRONG branch; level/order/prerequisites = PROJECT FINAL v1,FINAL_V1
Scientist,Robotics,15,40,16,1,945,944,,False,False,1,SUPPORTED AS TRAINABLE,SECONDARY-EVIDENCE STRONG branch; level/order/prerequisites = PROJECT FINAL v1,FINAL_V1
Scientist,Robotics,16,45,18,1,1207,1214,,False,False,1,SUPPORTED AS TRAINABLE,SECONDARY-EVIDENCE STRONG branch; level/order/prerequisites = PROJECT FINAL v1,FINAL_V1
Scientist,Robotics,17,50,20,1,1213,962,"1207,945",False,True,1,SUPPORTED AS TRAINABLE,SECONDARY-EVIDENCE STRONG branch; level/order/prerequisites = PROJECT FINAL v1,FINAL_V1
Archaeologist,Anthropology,1,1,0,1,778,,,True,False,1,SUPPORTED AS TRAINABLE,SOURCE-BACKED branch; level/order/prerequisites = PROJECT FINAL v1,FINAL_V1
Archaeologist,Anthropology,2,5,2,1,746,778,,False,False,0,VERIFY RAW COST 0,SOURCE-BACKED branch; level/order/prerequisites = PROJECT FINAL v1,FINAL_V1
Archaeologist,Anthropology,3,5,2,1,1081,778,,False,False,1,SUPPORTED AS TRAINABLE,SOURCE-BACKED branch; level/order/prerequisites = PROJECT FINAL v1,FINAL_V1
Archaeologist,Anthropology,4,10,4,1,784,1081,,False,False,1,SUPPORTED AS TRAINABLE,SOURCE-BACKED branch; level/order/prerequisites = PROJECT FINAL v1,FINAL_V1
Archaeologist,Anthropology,5,10,4,1,781,778,,False,False,1,SUPPORTED AS TRAINABLE,SOURCE-BACKED branch; level/order/prerequisites = PROJECT FINAL v1,FINAL_V1
Archaeologist,Anthropology,6,15,6,1,788,781,,False,False,1,SUPPORTED AS TRAINABLE,SOURCE-BACKED branch; level/order/prerequisites = PROJECT FINAL v1,FINAL_V1
Archaeologist,Anthropology,7,15,6,1,779,746,,False,False,1,SUPPORTED AS TRAINABLE,SOURCE-BACKED branch; level/order/prerequisites = PROJECT FINAL v1,FINAL_V1
Archaeologist,Anthropology,8,20,8,1,1183,784,,False,False,1,SUPPORTED AS TRAINABLE,SOURCE-BACKED branch; level/order/prerequisites = PROJECT FINAL v1,FINAL_V1
Archaeologist,Anthropology,9,20,8,1,1082,1183,,False,False,1,SUPPORTED AS TRAINABLE,SOURCE-BACKED branch; level/order/prerequisites = PROJECT FINAL v1,FINAL_V1
Archaeologist,Anthropology,10,25,10,1,789,788,,False,False,1,SUPPORTED AS TRAINABLE,SOURCE-BACKED branch; level/order/prerequisites = PROJECT FINAL v1,FINAL_V1
Archaeologist,Anthropology,11,25,10,1,792,779,,False,False,1,SUPPORTED AS TRAINABLE,SOURCE-BACKED branch; level/order/prerequisites = PROJECT FINAL v1,FINAL_V1
Archaeologist,Anthropology,12,25,10,1,791,789,,False,False,1,SUPPORTED AS TRAINABLE,SOURCE-BACKED branch; level/order/prerequisites = PROJECT FINAL v1,FINAL_V1
Archaeologist,Anthropology,13,30,12,1,1191,778,,False,False,0,VERIFY RAW COST 0,SOURCE-BACKED branch; level/order/prerequisites = PROJECT FINAL v1,FINAL_V1
Archaeologist,Anthropology,14,30,12,1,1192,791,,False,False,1,SUPPORTED AS TRAINABLE,SOURCE-BACKED branch; level/order/prerequisites = PROJECT FINAL v1,FINAL_V1
Archaeologist,Anthropology,15,35,14,1,2074,1192,,False,False,1,SUPPORTED AS TRAINABLE,SOURCE-BACKED branch; level/order/prerequisites = PROJECT FINAL v1,FINAL_V1
Archaeologist,Anthropology,16,35,14,1,1187,1082,,False,False,0,VERIFY RAW COST 0,SOURCE-BACKED branch; level/order/prerequisites = PROJECT FINAL v1,FINAL_V1
Archaeologist,Anthropology,17,40,16,1,1083,1187,,False,False,1,SUPPORTED AS TRAINABLE,SOURCE-BACKED branch; level/order/prerequisites = PROJECT FINAL v1,FINAL_V1
Archaeologist,Anthropology,18,40,16,1,1188,1083,,False,False,0,VERIFY RAW COST 0,SOURCE-BACKED branch; level/order/prerequisites = PROJECT FINAL v1,FINAL_V1
Archaeologist,Anthropology,19,45,18,1,1190,2074,,False,False,1,SUPPORTED AS TRAINABLE,SOURCE-BACKED branch; level/order/prerequisites = PROJECT FINAL v1,FINAL_V1
Archaeologist,Anthropology,20,45,18,1,2099,1190,,False,False,1,SUPPORTED AS TRAINABLE,SOURCE-BACKED branch; level/order/prerequisites = PROJECT FINAL v1,FINAL_V1
Archaeologist,Anthropology,21,50,20,1,1184,778,"2099,1188",False,True,1,SUPPORTED AS TRAINABLE,SOURCE-BACKED branch; level/order/prerequisites = PROJECT FINAL v1,FINAL_V1
Archaeologist,Sociology,1,1,0,1,643,,,True,False,1,SUPPORTED AS TRAINABLE,SOURCE-BACKED branch; level/order/prerequisites = PROJECT FINAL v1,FINAL_V1
Archaeologist,Sociology,2,5,2,1,751,643,,False,False,1,SUPPORTED AS TRAINABLE,SOURCE-BACKED branch; level/order/prerequisites = PROJECT FINAL v1,FINAL_V1
Archaeologist,Sociology,3,5,2,1,753,751,,False,False,1,SUPPORTED AS TRAINABLE,SOURCE-BACKED branch; level/order/prerequisites = PROJECT FINAL v1,FINAL_V1
Archaeologist,Sociology,4,10,4,1,1178,753,,False,False,1,SUPPORTED AS TRAINABLE,SOURCE-BACKED branch; level/order/prerequisites = PROJECT FINAL v1,FINAL_V1
Archaeologist,Sociology,5,10,4,1,1181,1178,,False,False,1,SUPPORTED AS TRAINABLE,SOURCE-BACKED branch; level/order/prerequisites = PROJECT FINAL v1,FINAL_V1
Archaeologist,Sociology,6,15,6,1,1179,1181,,False,False,1,SUPPORTED AS TRAINABLE,SOURCE-BACKED branch; level/order/prerequisites = PROJECT FINAL v1,FINAL_V1
Archaeologist,Sociology,7,15,6,1,1182,1179,,False,False,1,SUPPORTED AS TRAINABLE,SOURCE-BACKED branch; level/order/prerequisites = PROJECT FINAL v1,FINAL_V1
Archaeologist,Sociology,8,20,8,1,752,1182,,False,False,1,SUPPORTED AS TRAINABLE,SOURCE-BACKED branch; level/order/prerequisites = PROJECT FINAL v1,FINAL_V1
Archaeologist,Sociology,9,20,8,1,1180,752,,False,False,1,SUPPORTED AS TRAINABLE,SOURCE-BACKED branch; level/order/prerequisites = PROJECT FINAL v1,FINAL_V1
Archaeologist,Sociology,10,25,10,1,754,1180,,False,False,1,SUPPORTED AS TRAINABLE,SOURCE-BACKED branch; level/order/prerequisites = PROJECT FINAL v1,FINAL_V1
Archaeologist,Sociology,11,25,10,1,742,643,,False,False,1,SUPPORTED AS TRAINABLE,SOURCE-BACKED branch; level/order/prerequisites = PROJECT FINAL v1,FINAL_V1
Archaeologist,Sociology,12,30,12,1,743,742,,False,False,1,SUPPORTED AS TRAINABLE,SOURCE-BACKED branch; level/order/prerequisites = PROJECT FINAL v1,FINAL_V1
Archaeologist,Sociology,13,30,12,1,1451,643,,False,False,0,VERIFY RAW COST 0,SOURCE-BACKED branch; level/order/prerequisites = PROJECT FINAL v1,FINAL_V1
Archaeologist,Sociology,14,35,14,1,706,643,,False,False,1,SUPPORTED AS TRAINABLE,SOURCE-BACKED branch; level/order/prerequisites = PROJECT FINAL v1,FINAL_V1
Archaeologist,Sociology,15,35,14,1,654,706,,False,False,1,SUPPORTED AS TRAINABLE,SOURCE-BACKED branch; level/order/prerequisites = PROJECT FINAL v1,FINAL_V1
Archaeologist,Sociology,16,40,16,1,598,654,,False,False,0,VERIFY RAW COST 0,SOURCE-BACKED branch; level/order/prerequisites = PROJECT FINAL v1,FINAL_V1
Archaeologist,Sociology,17,40,16,1,718,598,,False,False,0,VERIFY RAW COST 0,SOURCE-BACKED branch; level/order/prerequisites = PROJECT FINAL v1,FINAL_V1
Archaeologist,Sociology,18,45,18,1,1638,718,,False,False,1,SUPPORTED AS TRAINABLE,SOURCE-BACKED branch; level/order/prerequisites = PROJECT FINAL v1,FINAL_V1
Archaeologist,Sociology,19,45,18,1,2848,743,,False,False,1,SUPPORTED AS TRAINABLE,SOURCE-BACKED branch; level/order/prerequisites = PROJECT FINAL v1,FINAL_V1
Archaeologist,Sociology,20,50,20,1,777,643,"2848,1638",False,True,1,SUPPORTED AS TRAINABLE,SOURCE-BACKED branch; level/order/prerequisites = PROJECT FINAL v1,FINAL_V1
Archaeologist,Archaeology,1,1,0,1,802,,,True,False,1,SUPPORTED AS TRAINABLE,SECONDARY-EVIDENCE STRONG branch; level/order/prerequisites = PROJECT FINAL v1,FINAL_V1
Archaeologist,Archaeology,2,5,2,1,809,802,,False,False,1,SUPPORTED AS TRAINABLE,SECONDARY-EVIDENCE STRONG branch; level/order/prerequisites = PROJECT FINAL v1,FINAL_V1
Archaeologist,Archaeology,3,5,2,1,811,809,,False,False,1,SUPPORTED AS TRAINABLE,SECONDARY-EVIDENCE STRONG branch; level/order/prerequisites = PROJECT FINAL v1,FINAL_V1
Archaeologist,Archaeology,4,10,4,1,817,802,,False,False,1,SUPPORTED AS TRAINABLE,SECONDARY-EVIDENCE STRONG branch; level/order/prerequisites = PROJECT FINAL v1,FINAL_V1
Archaeologist,Archaeology,5,10,4,1,677,802,,False,False,1,SUPPORTED AS TRAINABLE,SECONDARY-EVIDENCE STRONG branch; level/order/prerequisites = PROJECT FINAL v1,FINAL_V1
Archaeologist,Archaeology,6,15,6,1,678,677,,False,False,1,SUPPORTED AS TRAINABLE,SECONDARY-EVIDENCE STRONG branch; level/order/prerequisites = PROJECT FINAL v1,FINAL_V1
Archaeologist,Archaeology,7,15,6,1,679,678,,False,False,1,SUPPORTED AS TRAINABLE,SECONDARY-EVIDENCE STRONG branch; level/order/prerequisites = PROJECT FINAL v1,FINAL_V1
Archaeologist,Archaeology,8,15,6,1,680,679,,False,False,1,SUPPORTED AS TRAINABLE,SECONDARY-EVIDENCE STRONG branch; level/order/prerequisites = PROJECT FINAL v1,FINAL_V1
Archaeologist,Archaeology,9,20,8,1,681,680,,False,False,1,SUPPORTED AS TRAINABLE,SECONDARY-EVIDENCE STRONG branch; level/order/prerequisites = PROJECT FINAL v1,FINAL_V1
Archaeologist,Archaeology,10,20,8,1,682,681,,False,False,1,SUPPORTED AS TRAINABLE,SECONDARY-EVIDENCE STRONG branch; level/order/prerequisites = PROJECT FINAL v1,FINAL_V1
Archaeologist,Archaeology,11,20,8,1,683,682,,False,False,1,SUPPORTED AS TRAINABLE,SECONDARY-EVIDENCE STRONG branch; level/order/prerequisites = PROJECT FINAL v1,FINAL_V1
Archaeologist,Archaeology,12,25,10,1,684,683,,False,False,1,SUPPORTED AS TRAINABLE,SECONDARY-EVIDENCE STRONG branch; level/order/prerequisites = PROJECT FINAL v1,FINAL_V1
Archaeologist,Archaeology,13,25,10,1,685,684,,False,False,1,SUPPORTED AS TRAINABLE,SECONDARY-EVIDENCE STRONG branch; level/order/prerequisites = PROJECT FINAL v1,FINAL_V1
Archaeologist,Archaeology,14,30,12,1,686,685,,False,False,1,SUPPORTED AS TRAINABLE,SECONDARY-EVIDENCE STRONG branch; level/order/prerequisites = PROJECT FINAL v1,FINAL_V1
Archaeologist,Archaeology,15,30,12,1,1552,802,,False,False,1,SUPPORTED AS TRAINABLE,SECONDARY-EVIDENCE STRONG branch; level/order/prerequisites = PROJECT FINAL v1,FINAL_V1
Archaeologist,Archaeology,16,30,12,1,815,686,,False,False,1,SUPPORTED AS TRAINABLE,SECONDARY-EVIDENCE STRONG branch; level/order/prerequisites = PROJECT FINAL v1,FINAL_V1
Archaeologist,Archaeology,17,35,14,1,1193,811,,False,False,1,SUPPORTED AS TRAINABLE,SECONDARY-EVIDENCE STRONG branch; level/order/prerequisites = PROJECT FINAL v1,FINAL_V1
Archaeologist,Archaeology,18,35,14,1,1194,1193,,False,False,1,SUPPORTED AS TRAINABLE,SECONDARY-EVIDENCE STRONG branch; level/order/prerequisites = PROJECT FINAL v1,FINAL_V1
Archaeologist,Archaeology,19,35,14,1,1197,817,,False,False,1,SUPPORTED AS TRAINABLE,SECONDARY-EVIDENCE STRONG branch; level/order/prerequisites = PROJECT FINAL v1,FINAL_V1
Archaeologist,Archaeology,20,40,16,1,2507,1194,,False,False,1,SUPPORTED AS TRAINABLE,SECONDARY-EVIDENCE STRONG branch; level/order/prerequisites = PROJECT FINAL v1,FINAL_V1
Archaeologist,Archaeology,21,40,16,1,2508,2507,,False,False,1,SUPPORTED AS TRAINABLE,SECONDARY-EVIDENCE STRONG branch; level/order/prerequisites = PROJECT FINAL v1,FINAL_V1
Archaeologist,Archaeology,22,45,18,1,813,815,,False,False,1,SUPPORTED AS TRAINABLE,SECONDARY-EVIDENCE STRONG branch; level/order/prerequisites = PROJECT FINAL v1,FINAL_V1
Archaeologist,Archaeology,23,45,18,1,1196,813,,False,False,1,SUPPORTED AS TRAINABLE,SECONDARY-EVIDENCE STRONG branch; level/order/prerequisites = PROJECT FINAL v1,FINAL_V1
Archaeologist,Archaeology,24,50,20,1,1195,802,"1196,2508",False,True,1,SUPPORTED AS TRAINABLE,SECONDARY-EVIDENCE STRONG branch; level/order/prerequisites = PROJECT FINAL v1,FINAL_V1
Asgard,Attack Programs,1,1,0,1,1533,,,True,False,1,SUPPORTED AS TRAINABLE,SOURCE-BACKED branch; level/order/prerequisites = PROJECT FINAL v1,FINAL_V1
Asgard,Attack Programs,2,5,2,1,1174,1533,,False,False,0,VERIFY RAW COST 0,SOURCE-BACKED branch; level/order/prerequisites = PROJECT FINAL v1,FINAL_V1
Asgard,Attack Programs,3,5,2,1,1535,1533,,False,False,1,SUPPORTED AS TRAINABLE,SOURCE-BACKED branch; level/order/prerequisites = PROJECT FINAL v1,FINAL_V1
Asgard,Attack Programs,4,10,4,1,1534,1533,,False,False,1,SUPPORTED AS TRAINABLE,SOURCE-BACKED branch; level/order/prerequisites = PROJECT FINAL v1,FINAL_V1
Asgard,Attack Programs,5,10,4,1,1537,1533,,False,False,1,SUPPORTED AS TRAINABLE,SOURCE-BACKED branch; level/order/prerequisites = PROJECT FINAL v1,FINAL_V1
Asgard,Attack Programs,6,15,6,1,1536,1174,,False,False,1,SUPPORTED AS TRAINABLE,SOURCE-BACKED branch; level/order/prerequisites = PROJECT FINAL v1,FINAL_V1
Asgard,Attack Programs,7,15,6,1,1539,1536,,False,False,1,SUPPORTED AS TRAINABLE,SOURCE-BACKED branch; level/order/prerequisites = PROJECT FINAL v1,FINAL_V1
Asgard,Attack Programs,8,15,6,1,1543,1533,,False,False,1,SUPPORTED AS TRAINABLE,SOURCE-BACKED branch; level/order/prerequisites = PROJECT FINAL v1,FINAL_V1
Asgard,Attack Programs,9,20,8,1,1538,1535,,False,False,1,SUPPORTED AS TRAINABLE,SOURCE-BACKED branch; level/order/prerequisites = PROJECT FINAL v1,FINAL_V1
Asgard,Attack Programs,10,20,8,1,1541,1539,,False,False,1,SUPPORTED AS TRAINABLE,SOURCE-BACKED branch; level/order/prerequisites = PROJECT FINAL v1,FINAL_V1
Asgard,Attack Programs,11,20,8,1,1540,1533,,False,False,1,SUPPORTED AS TRAINABLE,SOURCE-BACKED branch; level/order/prerequisites = PROJECT FINAL v1,FINAL_V1
Asgard,Attack Programs,12,25,10,1,1546,1540,,False,False,1,SUPPORTED AS TRAINABLE,SOURCE-BACKED branch; level/order/prerequisites = PROJECT FINAL v1,FINAL_V1
Asgard,Attack Programs,13,25,10,1,3167,1546,,False,False,1,SUPPORTED AS TRAINABLE,SOURCE-BACKED branch; level/order/prerequisites = PROJECT FINAL v1,FINAL_V1
Asgard,Attack Programs,14,30,12,1,1547,1538,,False,False,1,SUPPORTED AS TRAINABLE,SOURCE-BACKED branch; level/order/prerequisites = PROJECT FINAL v1,FINAL_V1
Asgard,Attack Programs,15,30,12,1,1544,1547,,False,False,1,SUPPORTED AS TRAINABLE,SOURCE-BACKED branch; level/order/prerequisites = PROJECT FINAL v1,FINAL_V1
Asgard,Attack Programs,16,30,12,1,1545,1533,,False,False,1,SUPPORTED AS TRAINABLE,SOURCE-BACKED branch; level/order/prerequisites = PROJECT FINAL v1,FINAL_V1
Asgard,Attack Programs,17,35,14,1,1542,1545,,False,False,1,SUPPORTED AS TRAINABLE,SOURCE-BACKED branch; level/order/prerequisites = PROJECT FINAL v1,FINAL_V1
Asgard,Attack Programs,18,35,14,1,3166,1542,,False,False,1,SUPPORTED AS TRAINABLE,SOURCE-BACKED branch; level/order/prerequisites = PROJECT FINAL v1,FINAL_V1
Asgard,Attack Programs,19,35,14,1,3168,1534,,False,False,1,SUPPORTED AS TRAINABLE,SOURCE-BACKED branch; level/order/prerequisites = PROJECT FINAL v1,FINAL_V1
Asgard,Attack Programs,20,40,16,1,3161,3168,,False,False,1,SUPPORTED AS TRAINABLE,SOURCE-BACKED branch; level/order/prerequisites = PROJECT FINAL v1,FINAL_V1
Asgard,Attack Programs,21,40,16,1,3169,3166,,False,False,1,SUPPORTED AS TRAINABLE,SOURCE-BACKED branch; level/order/prerequisites = PROJECT FINAL v1,FINAL_V1
Asgard,Attack Programs,22,45,18,1,3170,1533,,False,False,1,SUPPORTED AS TRAINABLE,SOURCE-BACKED branch; level/order/prerequisites = PROJECT FINAL v1,FINAL_V1
Asgard,Attack Programs,23,45,18,1,3171,3170,,False,False,1,SUPPORTED AS TRAINABLE,SOURCE-BACKED branch; level/order/prerequisites = PROJECT FINAL v1,FINAL_V1
Asgard,Attack Programs,24,50,20,1,3173,1533,"3171,3169",False,True,1,SUPPORTED AS TRAINABLE,SOURCE-BACKED branch; level/order/prerequisites = PROJECT FINAL v1,FINAL_V1
Asgard,Defensive Programs,1,1,0,1,1561,,,True,False,0,VERIFY RAW COST 0,SOURCE-BACKED branch; level/order/prerequisites = PROJECT FINAL v1,FINAL_V1
Asgard,Defensive Programs,2,5,2,1,1564,1561,,False,False,1,SUPPORTED AS TRAINABLE,SOURCE-BACKED branch; level/order/prerequisites = PROJECT FINAL v1,FINAL_V1
Asgard,Defensive Programs,3,5,2,1,1572,1561,,False,False,1,SUPPORTED AS TRAINABLE,SOURCE-BACKED branch; level/order/prerequisites = PROJECT FINAL v1,FINAL_V1
Asgard,Defensive Programs,4,10,4,1,1574,1561,,False,False,1,SUPPORTED AS TRAINABLE,SOURCE-BACKED branch; level/order/prerequisites = PROJECT FINAL v1,FINAL_V1
Asgard,Defensive Programs,5,10,4,1,1566,1572,,False,False,1,SUPPORTED AS TRAINABLE,SOURCE-BACKED branch; level/order/prerequisites = PROJECT FINAL v1,FINAL_V1
Asgard,Defensive Programs,6,15,6,1,1569,1564,,False,False,0,VERIFY RAW COST 0,SOURCE-BACKED branch; level/order/prerequisites = PROJECT FINAL v1,FINAL_V1
Asgard,Defensive Programs,7,15,6,1,1563,1566,,False,False,1,SUPPORTED AS TRAINABLE,SOURCE-BACKED branch; level/order/prerequisites = PROJECT FINAL v1,FINAL_V1
Asgard,Defensive Programs,8,20,8,1,1565,1569,,False,False,1,SUPPORTED AS TRAINABLE,SOURCE-BACKED branch; level/order/prerequisites = PROJECT FINAL v1,FINAL_V1
Asgard,Defensive Programs,9,20,8,1,1573,1563,,False,False,0,VERIFY RAW COST 0,SOURCE-BACKED branch; level/order/prerequisites = PROJECT FINAL v1,FINAL_V1
Asgard,Defensive Programs,10,25,10,1,1575,1574,,False,False,1,SUPPORTED AS TRAINABLE,SOURCE-BACKED branch; level/order/prerequisites = PROJECT FINAL v1,FINAL_V1
Asgard,Defensive Programs,11,25,10,1,1567,1573,,False,False,1,SUPPORTED AS TRAINABLE,SOURCE-BACKED branch; level/order/prerequisites = PROJECT FINAL v1,FINAL_V1
Asgard,Defensive Programs,12,25,10,1,1571,1565,,False,False,1,SUPPORTED AS TRAINABLE,SOURCE-BACKED branch; level/order/prerequisites = PROJECT FINAL v1,FINAL_V1
Asgard,Defensive Programs,13,30,12,1,1579,1571,,False,False,1,SUPPORTED AS TRAINABLE,SOURCE-BACKED branch; level/order/prerequisites = PROJECT FINAL v1,FINAL_V1
Asgard,Defensive Programs,14,30,12,1,1580,1579,,False,False,1,SUPPORTED AS TRAINABLE,SOURCE-BACKED branch; level/order/prerequisites = PROJECT FINAL v1,FINAL_V1
Asgard,Defensive Programs,15,35,14,1,1581,1561,,False,False,0,VERIFY RAW COST 0,SOURCE-BACKED branch; level/order/prerequisites = PROJECT FINAL v1,FINAL_V1
Asgard,Defensive Programs,16,35,14,1,3258,1575,,False,False,1,SUPPORTED AS TRAINABLE,SOURCE-BACKED branch; level/order/prerequisites = PROJECT FINAL v1,FINAL_V1
Asgard,Defensive Programs,17,40,16,1,3257,3258,,False,False,1,SUPPORTED AS TRAINABLE,SOURCE-BACKED branch; level/order/prerequisites = PROJECT FINAL v1,FINAL_V1
Asgard,Defensive Programs,18,40,16,1,3183,1561,,False,False,1,SUPPORTED AS TRAINABLE,SOURCE-BACKED branch; level/order/prerequisites = PROJECT FINAL v1,FINAL_V1
Asgard,Defensive Programs,19,45,18,1,3259,3183,,False,False,1,SUPPORTED AS TRAINABLE,SOURCE-BACKED branch; level/order/prerequisites = PROJECT FINAL v1,FINAL_V1
Asgard,Defensive Programs,20,45,18,1,3190,1581,,False,False,1,SUPPORTED AS TRAINABLE,SOURCE-BACKED branch; level/order/prerequisites = PROJECT FINAL v1,FINAL_V1
Asgard,Defensive Programs,21,50,20,1,3265,1561,"3190,3259",False,True,1,SUPPORTED AS TRAINABLE,SOURCE-BACKED branch; level/order/prerequisites = PROJECT FINAL v1,FINAL_V1
Asgard,Scientific Programs,1,1,0,1,1554,,,True,False,1,SUPPORTED AS TRAINABLE,SOURCE-BACKED branch; level/order/prerequisites = PROJECT FINAL v1,FINAL_V1
Asgard,Scientific Programs,2,5,2,1,1555,1554,,False,False,0,VERIFY RAW COST 0,SOURCE-BACKED branch; level/order/prerequisites = PROJECT FINAL v1,FINAL_V1
Asgard,Scientific Programs,3,5,2,1,1550,1554,,False,False,1,SUPPORTED AS TRAINABLE,SOURCE-BACKED branch; level/order/prerequisites = PROJECT FINAL v1,FINAL_V1
Asgard,Scientific Programs,4,10,4,1,1549,1554,,False,False,1,SUPPORTED AS TRAINABLE,SOURCE-BACKED branch; level/order/prerequisites = PROJECT FINAL v1,FINAL_V1
Asgard,Scientific Programs,5,10,4,1,1553,1549,,False,False,1,SUPPORTED AS TRAINABLE,SOURCE-BACKED branch; level/order/prerequisites = PROJECT FINAL v1,FINAL_V1
Asgard,Scientific Programs,6,15,6,1,1556,1555,,False,False,1,SUPPORTED AS TRAINABLE,SOURCE-BACKED branch; level/order/prerequisites = PROJECT FINAL v1,FINAL_V1
Asgard,Scientific Programs,7,15,6,1,1557,1556,,False,False,1,SUPPORTED AS TRAINABLE,SOURCE-BACKED branch; level/order/prerequisites = PROJECT FINAL v1,FINAL_V1
Asgard,Scientific Programs,8,20,8,1,1548,1554,,False,False,1,SUPPORTED AS TRAINABLE,SOURCE-BACKED branch; level/order/prerequisites = PROJECT FINAL v1,FINAL_V1
Asgard,Scientific Programs,9,20,8,1,3209,1550,,False,False,1,SUPPORTED AS TRAINABLE,SOURCE-BACKED branch; level/order/prerequisites = PROJECT FINAL v1,FINAL_V1
Asgard,Scientific Programs,10,25,10,1,3212,3209,,False,False,1,SUPPORTED AS TRAINABLE,SOURCE-BACKED branch; level/order/prerequisites = PROJECT FINAL v1,FINAL_V1
Asgard,Scientific Programs,11,25,10,1,3180,3212,,False,False,1,SUPPORTED AS TRAINABLE,SOURCE-BACKED branch; level/order/prerequisites = PROJECT FINAL v1,FINAL_V1
Asgard,Scientific Programs,12,25,10,1,3175,1553,,False,False,1,SUPPORTED AS TRAINABLE,SOURCE-BACKED branch; level/order/prerequisites = PROJECT FINAL v1,FINAL_V1
Asgard,Scientific Programs,13,30,12,1,3245,3175,,False,False,1,SUPPORTED AS TRAINABLE,SOURCE-BACKED branch; level/order/prerequisites = PROJECT FINAL v1,FINAL_V1
Asgard,Scientific Programs,14,30,12,1,3176,1554,,False,False,1,SUPPORTED AS TRAINABLE,SOURCE-BACKED branch; level/order/prerequisites = PROJECT FINAL v1,FINAL_V1
Asgard,Scientific Programs,15,35,14,1,3177,1554,,False,False,1,SUPPORTED AS TRAINABLE,SOURCE-BACKED branch; level/order/prerequisites = PROJECT FINAL v1,FINAL_V1
Asgard,Scientific Programs,16,35,14,1,3181,3177,,False,False,1,SUPPORTED AS TRAINABLE,SOURCE-BACKED branch; level/order/prerequisites = PROJECT FINAL v1,FINAL_V1
Asgard,Scientific Programs,17,40,16,1,3178,1557,,False,False,1,SUPPORTED AS TRAINABLE,SOURCE-BACKED branch; level/order/prerequisites = PROJECT FINAL v1,FINAL_V1
Asgard,Scientific Programs,18,40,16,1,3254,3178,,False,False,1,SUPPORTED AS TRAINABLE,SOURCE-BACKED branch; level/order/prerequisites = PROJECT FINAL v1,FINAL_V1
Asgard,Scientific Programs,19,45,18,1,3255,3254,,False,False,1,SUPPORTED AS TRAINABLE,SOURCE-BACKED branch; level/order/prerequisites = PROJECT FINAL v1,FINAL_V1
Asgard,Scientific Programs,20,45,18,1,3256,3255,,False,False,1,SUPPORTED AS TRAINABLE,SOURCE-BACKED branch; level/order/prerequisites = PROJECT FINAL v1,FINAL_V1
Asgard,Scientific Programs,21,50,20,1,3246,1554,"3256,3181",False,True,1,SUPPORTED AS TRAINABLE,SOURCE-BACKED branch; level/order/prerequisites = PROJECT FINAL v1,FINAL_V1
Free Jaffa / Shol'va,Heritage,1,1,0,1,1984,,,True,False,1,SUPPORTED AS TRAINABLE,SECONDARY branch name; membership reconstructed; level/order/prerequisites = PROJECT FINAL v1,FINAL_V1
Free Jaffa / Shol'va,Heritage,2,5,2,1,1734,1984,,False,False,0,VERIFY RAW COST 0,SECONDARY branch name; membership reconstructed; level/order/prerequisites = PROJECT FINAL v1,FINAL_V1
Free Jaffa / Shol'va,Heritage,3,5,2,1,1731,1984,,False,False,1,SUPPORTED AS TRAINABLE,SECONDARY branch name; membership reconstructed; level/order/prerequisites = PROJECT FINAL v1,FINAL_V1
Free Jaffa / Shol'va,Heritage,4,10,4,1,1481,1984,,False,False,1,SUPPORTED AS TRAINABLE,SECONDARY branch name; membership reconstructed; level/order/prerequisites = PROJECT FINAL v1,FINAL_V1
Free Jaffa / Shol'va,Heritage,5,10,4,1,1482,1481,,False,False,1,SUPPORTED AS TRAINABLE,SECONDARY branch name; membership reconstructed; level/order/prerequisites = PROJECT FINAL v1,FINAL_V1
Free Jaffa / Shol'va,Heritage,6,15,6,1,1735,1731,,False,False,1,SUPPORTED AS TRAINABLE,SECONDARY branch name; membership reconstructed; level/order/prerequisites = PROJECT FINAL v1,FINAL_V1
Free Jaffa / Shol'va,Heritage,7,15,6,1,1733,1734,,False,False,1,SUPPORTED AS TRAINABLE,SECONDARY branch name; membership reconstructed; level/order/prerequisites = PROJECT FINAL v1,FINAL_V1
Free Jaffa / Shol'va,Heritage,8,20,8,1,2001,1482,,False,False,1,SUPPORTED AS TRAINABLE,SECONDARY branch name; membership reconstructed; level/order/prerequisites = PROJECT FINAL v1,FINAL_V1
Free Jaffa / Shol'va,Heritage,9,20,8,1,2008,1735,,False,False,1,SUPPORTED AS TRAINABLE,SECONDARY branch name; membership reconstructed; level/order/prerequisites = PROJECT FINAL v1,FINAL_V1
Free Jaffa / Shol'va,Heritage,10,25,10,1,2029,2001,,False,False,1,SUPPORTED AS TRAINABLE,SECONDARY branch name; membership reconstructed; level/order/prerequisites = PROJECT FINAL v1,FINAL_V1
Free Jaffa / Shol'va,Heritage,11,25,10,1,2026,2029,,False,False,1,SUPPORTED AS TRAINABLE,SECONDARY branch name; membership reconstructed; level/order/prerequisites = PROJECT FINAL v1,FINAL_V1
Free Jaffa / Shol'va,Heritage,12,25,10,1,1640,1984,,False,False,1,SUPPORTED AS TRAINABLE,SECONDARY branch name; membership reconstructed; level/order/prerequisites = PROJECT FINAL v1,FINAL_V1
Free Jaffa / Shol'va,Heritage,13,30,12,1,1641,1640,,False,False,1,SUPPORTED AS TRAINABLE,SECONDARY branch name; membership reconstructed; level/order/prerequisites = PROJECT FINAL v1,FINAL_V1
Free Jaffa / Shol'va,Heritage,14,30,12,1,2028,1641,,False,False,1,SUPPORTED AS TRAINABLE,SECONDARY branch name; membership reconstructed; level/order/prerequisites = PROJECT FINAL v1,FINAL_V1
Free Jaffa / Shol'va,Heritage,15,35,14,1,1905,2026,,False,False,0,VERIFY RAW COST 0,SECONDARY branch name; membership reconstructed; level/order/prerequisites = PROJECT FINAL v1,FINAL_V1
Free Jaffa / Shol'va,Heritage,16,35,14,1,2025,1733,,False,False,1,SUPPORTED AS TRAINABLE,SECONDARY branch name; membership reconstructed; level/order/prerequisites = PROJECT FINAL v1,FINAL_V1
Free Jaffa / Shol'va,Heritage,17,40,16,1,2058,1905,,False,False,1,SUPPORTED AS TRAINABLE,SECONDARY branch name; membership reconstructed; level/order/prerequisites = PROJECT FINAL v1,FINAL_V1
Free Jaffa / Shol'va,Heritage,18,40,16,1,2042,2058,,False,False,1,SUPPORTED AS TRAINABLE,SECONDARY branch name; membership reconstructed; level/order/prerequisites = PROJECT FINAL v1,FINAL_V1
Free Jaffa / Shol'va,Heritage,19,45,18,1,2027,2008,,False,False,1,SUPPORTED AS TRAINABLE,SECONDARY branch name; membership reconstructed; level/order/prerequisites = PROJECT FINAL v1,FINAL_V1
Free Jaffa / Shol'va,Heritage,20,45,18,1,2841,2042,,False,False,1,SUPPORTED AS TRAINABLE,SECONDARY branch name; membership reconstructed; level/order/prerequisites = PROJECT FINAL v1,FINAL_V1
Free Jaffa / Shol'va,Heritage,21,50,20,1,2043,1984,"2841,2027",False,True,1,SUPPORTED AS TRAINABLE,SECONDARY branch name; membership reconstructed; level/order/prerequisites = PROJECT FINAL v1,FINAL_V1
Free Jaffa / Shol'va,Tau'ri,1,1,0,1,2104,,,True,False,1,SUPPORTED AS TRAINABLE,SECONDARY branch name; revision-heavy membership; level/order/prerequisites = PROJECT FINAL v1,FINAL_V1
Free Jaffa / Shol'va,Tau'ri,2,5,2,1,1917,2104,,False,False,0,VERIFY RAW COST 0,SECONDARY branch name; revision-heavy membership; level/order/prerequisites = PROJECT FINAL v1,FINAL_V1
Free Jaffa / Shol'va,Tau'ri,3,15,6,1,2262,1917,,False,False,0,VERIFY RAW COST 0,SECONDARY branch name; revision-heavy membership; level/order/prerequisites = PROJECT FINAL v1,FINAL_V1
Free Jaffa / Shol'va,Tau'ri,4,20,8,1,2430,2262,,False,False,0,VERIFY RAW COST 0,SECONDARY branch name; revision-heavy membership; level/order/prerequisites = PROJECT FINAL v1,FINAL_V1
Free Jaffa / Shol'va,Tau'ri,5,30,12,1,2263,2430,,False,False,0,VERIFY RAW COST 0,SECONDARY branch name; revision-heavy membership; level/order/prerequisites = PROJECT FINAL v1,FINAL_V1
Free Jaffa / Shol'va,Tau'ri,6,35,14,1,2265,2263,,False,False,0,VERIFY RAW COST 0,SECONDARY branch name; revision-heavy membership; level/order/prerequisites = PROJECT FINAL v1,FINAL_V1
Free Jaffa / Shol'va,Tau'ri,7,45,18,1,2264,2265,,False,False,0,VERIFY RAW COST 0,SECONDARY branch name; revision-heavy membership; level/order/prerequisites = PROJECT FINAL v1,FINAL_V1
Free Jaffa / Shol'va,Tau'ri,8,50,20,1,2126,2104,2264,False,True,0,VERIFY RAW COST 0,SECONDARY branch name; revision-heavy membership; level/order/prerequisites = PROJECT FINAL v1,FINAL_V1
Free Jaffa / Shol'va,Tactics,1,1,0,1,1723,,,True,False,0,VERIFY RAW COST 0,SECONDARY branch name; membership reconstructed; level/order/prerequisites = PROJECT FINAL v1,FINAL_V1
Free Jaffa / Shol'va,Tactics,2,5,2,1,1727,1723,,False,False,1,SUPPORTED AS TRAINABLE,SECONDARY branch name; membership reconstructed; level/order/prerequisites = PROJECT FINAL v1,FINAL_V1
Free Jaffa / Shol'va,Tactics,3,5,2,1,1728,1723,,False,False,1,SUPPORTED AS TRAINABLE,SECONDARY branch name; membership reconstructed; level/order/prerequisites = PROJECT FINAL v1,FINAL_V1
Free Jaffa / Shol'va,Tactics,4,10,4,1,1724,1723,,False,False,1,SUPPORTED AS TRAINABLE,SECONDARY branch name; membership reconstructed; level/order/prerequisites = PROJECT FINAL v1,FINAL_V1
Free Jaffa / Shol'va,Tactics,5,10,4,1,1726,1724,,False,False,1,SUPPORTED AS TRAINABLE,SECONDARY branch name; membership reconstructed; level/order/prerequisites = PROJECT FINAL v1,FINAL_V1
Free Jaffa / Shol'va,Tactics,6,15,6,1,1725,1726,,False,False,1,SUPPORTED AS TRAINABLE,SECONDARY branch name; membership reconstructed; level/order/prerequisites = PROJECT FINAL v1,FINAL_V1
Free Jaffa / Shol'va,Tactics,7,15,6,1,1736,1728,,False,False,1,SUPPORTED AS TRAINABLE,SECONDARY branch name; membership reconstructed; level/order/prerequisites = PROJECT FINAL v1,FINAL_V1
Free Jaffa / Shol'va,Tactics,8,20,8,1,1626,1736,,False,False,1,SUPPORTED AS TRAINABLE,SECONDARY branch name; membership reconstructed; level/order/prerequisites = PROJECT FINAL v1,FINAL_V1
Free Jaffa / Shol'va,Tactics,9,20,8,1,2072,1727,,False,False,1,SUPPORTED AS TRAINABLE,SECONDARY branch name; membership reconstructed; level/order/prerequisites = PROJECT FINAL v1,FINAL_V1
Free Jaffa / Shol'va,Tactics,10,20,8,1,2070,1723,,False,False,1,SUPPORTED AS TRAINABLE,SECONDARY branch name; membership reconstructed; level/order/prerequisites = PROJECT FINAL v1,FINAL_V1
Free Jaffa / Shol'va,Tactics,11,25,10,1,649,1723,,False,False,1,SUPPORTED AS TRAINABLE,SECONDARY branch name; membership reconstructed; level/order/prerequisites = PROJECT FINAL v1,FINAL_V1
Free Jaffa / Shol'va,Tactics,12,25,10,1,874,649,,False,False,1,SUPPORTED AS TRAINABLE,SECONDARY branch name; membership reconstructed; level/order/prerequisites = PROJECT FINAL v1,FINAL_V1
Free Jaffa / Shol'va,Tactics,13,30,12,1,2064,2072,,False,False,1,SUPPORTED AS TRAINABLE,SECONDARY branch name; membership reconstructed; level/order/prerequisites = PROJECT FINAL v1,FINAL_V1
Free Jaffa / Shol'va,Tactics,14,30,12,1,2061,2070,,False,False,0,VERIFY RAW COST 0,SECONDARY branch name; membership reconstructed; level/order/prerequisites = PROJECT FINAL v1,FINAL_V1
Free Jaffa / Shol'va,Tactics,15,30,12,1,2062,2061,,False,False,1,SUPPORTED AS TRAINABLE,SECONDARY branch name; membership reconstructed; level/order/prerequisites = PROJECT FINAL v1,FINAL_V1
Free Jaffa / Shol'va,Tactics,16,35,14,1,2063,2062,,False,False,1,SUPPORTED AS TRAINABLE,SECONDARY branch name; membership reconstructed; level/order/prerequisites = PROJECT FINAL v1,FINAL_V1
Free Jaffa / Shol'va,Tactics,17,35,14,1,2065,2063,,False,False,1,SUPPORTED AS TRAINABLE,SECONDARY branch name; membership reconstructed; level/order/prerequisites = PROJECT FINAL v1,FINAL_V1
Free Jaffa / Shol'va,Tactics,18,40,16,1,1997,1725,,False,False,1,SUPPORTED AS TRAINABLE,SECONDARY branch name; membership reconstructed; level/order/prerequisites = PROJECT FINAL v1,FINAL_V1
Free Jaffa / Shol'va,Tactics,19,40,16,1,1998,1997,,False,False,1,SUPPORTED AS TRAINABLE,SECONDARY branch name; membership reconstructed; level/order/prerequisites = PROJECT FINAL v1,FINAL_V1
Free Jaffa / Shol'va,Tactics,20,45,18,1,2067,2064,,False,False,0,VERIFY RAW COST 0,SECONDARY branch name; membership reconstructed; level/order/prerequisites = PROJECT FINAL v1,FINAL_V1
Free Jaffa / Shol'va,Tactics,21,45,18,1,2071,874,,False,False,1,SUPPORTED AS TRAINABLE,SECONDARY branch name; membership reconstructed; level/order/prerequisites = PROJECT FINAL v1,FINAL_V1
Free Jaffa / Shol'va,Tactics,22,50,20,1,2073,1723,"2071,2067",False,True,1,SUPPORTED AS TRAINABLE,SECONDARY branch name; membership reconstructed; level/order/prerequisites = PROJECT FINAL v1,FINAL_V1
Goa'uld,Ashrak,1,1,0,1,2853,,,True,False,1,SUPPORTED AS TRAINABLE,SECONDARY name + strong historical/mechanical reconstruction; level/order/prerequisites = PROJECT FINAL v1,FINAL_V1
Goa'uld,Ashrak,2,5,2,1,646,2853,,False,False,1,SUPPORTED AS TRAINABLE,SECONDARY name + strong historical/mechanical reconstruction; level/order/prerequisites = PROJECT FINAL v1,FINAL_V1
Goa'uld,Ashrak,3,5,2,1,1614,646,,False,False,1,SUPPORTED AS TRAINABLE,SECONDARY name + strong historical/mechanical reconstruction; level/order/prerequisites = PROJECT FINAL v1,FINAL_V1
Goa'uld,Ashrak,4,10,4,1,1613,2853,,False,False,1,SUPPORTED AS TRAINABLE,SECONDARY name + strong historical/mechanical reconstruction; level/order/prerequisites = PROJECT FINAL v1,FINAL_V1
Goa'uld,Ashrak,5,10,4,1,1625,2853,,False,False,1,SUPPORTED AS TRAINABLE,SECONDARY name + strong historical/mechanical reconstruction; level/order/prerequisites = PROJECT FINAL v1,FINAL_V1
Goa'uld,Ashrak,6,15,6,1,1622,2853,,False,False,1,SUPPORTED AS TRAINABLE,SECONDARY name + strong historical/mechanical reconstruction; level/order/prerequisites = PROJECT FINAL v1,FINAL_V1
Goa'uld,Ashrak,7,15,6,1,1518,1614,,False,False,1,SUPPORTED AS TRAINABLE,SECONDARY name + strong historical/mechanical reconstruction; level/order/prerequisites = PROJECT FINAL v1,FINAL_V1
Goa'uld,Ashrak,8,20,8,1,2860,1613,,False,False,1,SUPPORTED AS TRAINABLE,SECONDARY name + strong historical/mechanical reconstruction; level/order/prerequisites = PROJECT FINAL v1,FINAL_V1
Goa'uld,Ashrak,9,20,8,1,2858,2860,,False,False,1,SUPPORTED AS TRAINABLE,SECONDARY name + strong historical/mechanical reconstruction; level/order/prerequisites = PROJECT FINAL v1,FINAL_V1
Goa'uld,Ashrak,10,25,10,1,1621,2858,,False,False,1,SUPPORTED AS TRAINABLE,SECONDARY name + strong historical/mechanical reconstruction; level/order/prerequisites = PROJECT FINAL v1,FINAL_V1
Goa'uld,Ashrak,11,25,10,1,2859,2853,,False,False,1,SUPPORTED AS TRAINABLE,SECONDARY name + strong historical/mechanical reconstruction; level/order/prerequisites = PROJECT FINAL v1,FINAL_V1
Goa'uld,Ashrak,12,25,10,1,865,1518,,False,False,1,SUPPORTED AS TRAINABLE,SECONDARY name + strong historical/mechanical reconstruction; level/order/prerequisites = PROJECT FINAL v1,FINAL_V1
Goa'uld,Ashrak,13,30,12,1,2861,1621,,False,False,1,SUPPORTED AS TRAINABLE,SECONDARY name + strong historical/mechanical reconstruction; level/order/prerequisites = PROJECT FINAL v1,FINAL_V1
Goa'uld,Ashrak,14,30,12,1,2857,2861,,False,False,1,SUPPORTED AS TRAINABLE,SECONDARY name + strong historical/mechanical reconstruction; level/order/prerequisites = PROJECT FINAL v1,FINAL_V1
Goa'uld,Ashrak,15,35,14,1,2863,2859,,False,False,1,SUPPORTED AS TRAINABLE,SECONDARY name + strong historical/mechanical reconstruction; level/order/prerequisites = PROJECT FINAL v1,FINAL_V1
Goa'uld,Ashrak,16,35,14,1,1617,865,,False,False,1,SUPPORTED AS TRAINABLE,SECONDARY name + strong historical/mechanical reconstruction; level/order/prerequisites = PROJECT FINAL v1,FINAL_V1
Goa'uld,Ashrak,17,40,16,1,1620,2857,,False,False,1,SUPPORTED AS TRAINABLE,SECONDARY name + strong historical/mechanical reconstruction; level/order/prerequisites = PROJECT FINAL v1,FINAL_V1
Goa'uld,Ashrak,18,40,16,1,866,1617,,False,False,1,SUPPORTED AS TRAINABLE,SECONDARY name + strong historical/mechanical reconstruction; level/order/prerequisites = PROJECT FINAL v1,FINAL_V1
Goa'uld,Ashrak,19,45,18,1,2869,1622,,False,False,1,SUPPORTED AS TRAINABLE,SECONDARY name + strong historical/mechanical reconstruction; level/order/prerequisites = PROJECT FINAL v1,FINAL_V1
Goa'uld,Ashrak,20,45,18,1,2868,2863,,False,False,1,SUPPORTED AS TRAINABLE,SECONDARY name + strong historical/mechanical reconstruction; level/order/prerequisites = PROJECT FINAL v1,FINAL_V1
Goa'uld,Ashrak,21,50,20,1,2862,2853,"2868,2869",False,True,1,SUPPORTED AS TRAINABLE,SECONDARY name + strong historical/mechanical reconstruction; level/order/prerequisites = PROJECT FINAL v1,FINAL_V1
Goa'uld,Battle Lord,1,1,0,1,1639,,,True,False,1,SUPPORTED AS TRAINABLE,SECONDARY name + strong historical/mechanical reconstruction; level/order/prerequisites = PROJECT FINAL v1,FINAL_V1
Goa'uld,Battle Lord,2,5,2,1,1627,1639,,False,False,1,SUPPORTED AS TRAINABLE,SECONDARY name + strong historical/mechanical reconstruction; level/order/prerequisites = PROJECT FINAL v1,FINAL_V1
Goa'uld,Battle Lord,3,5,2,1,1629,1639,,False,False,1,SUPPORTED AS TRAINABLE,SECONDARY name + strong historical/mechanical reconstruction; level/order/prerequisites = PROJECT FINAL v1,FINAL_V1
Goa'uld,Battle Lord,4,10,4,1,1637,1629,,False,False,1,SUPPORTED AS TRAINABLE,SECONDARY name + strong historical/mechanical reconstruction; level/order/prerequisites = PROJECT FINAL v1,FINAL_V1
Goa'uld,Battle Lord,5,10,4,1,1632,1637,,False,False,1,SUPPORTED AS TRAINABLE,SECONDARY name + strong historical/mechanical reconstruction; level/order/prerequisites = PROJECT FINAL v1,FINAL_V1
Goa'uld,Battle Lord,6,15,6,1,1481,1639,,False,False,1,SUPPORTED AS TRAINABLE,SECONDARY name + strong historical/mechanical reconstruction; level/order/prerequisites = PROJECT FINAL v1,FINAL_V1
Goa'uld,Battle Lord,7,15,6,1,1482,1481,,False,False,1,SUPPORTED AS TRAINABLE,SECONDARY name + strong historical/mechanical reconstruction; level/order/prerequisites = PROJECT FINAL v1,FINAL_V1
Goa'uld,Battle Lord,8,20,8,1,1626,1482,,False,False,1,SUPPORTED AS TRAINABLE,SECONDARY name + strong historical/mechanical reconstruction; level/order/prerequisites = PROJECT FINAL v1,FINAL_V1
Goa'uld,Battle Lord,9,20,8,1,2660,1639,,False,False,1,SUPPORTED AS TRAINABLE,SECONDARY name + strong historical/mechanical reconstruction; level/order/prerequisites = PROJECT FINAL v1,FINAL_V1
Goa'uld,Battle Lord,10,25,10,1,2554,1632,,False,False,1,SUPPORTED AS TRAINABLE,SECONDARY name + strong historical/mechanical reconstruction; level/order/prerequisites = PROJECT FINAL v1,FINAL_V1
Goa'uld,Battle Lord,11,25,10,1,2656,2554,,False,False,1,SUPPORTED AS TRAINABLE,SECONDARY name + strong historical/mechanical reconstruction; level/order/prerequisites = PROJECT FINAL v1,FINAL_V1
Goa'uld,Battle Lord,12,25,10,1,2719,2656,,False,False,1,SUPPORTED AS TRAINABLE,SECONDARY name + strong historical/mechanical reconstruction; level/order/prerequisites = PROJECT FINAL v1,FINAL_V1
Goa'uld,Battle Lord,13,30,12,1,1630,2719,,False,False,1,SUPPORTED AS TRAINABLE,SECONDARY name + strong historical/mechanical reconstruction; level/order/prerequisites = PROJECT FINAL v1,FINAL_V1
Goa'uld,Battle Lord,14,30,12,1,2676,1630,,False,False,1,SUPPORTED AS TRAINABLE,SECONDARY name + strong historical/mechanical reconstruction; level/order/prerequisites = PROJECT FINAL v1,FINAL_V1
Goa'uld,Battle Lord,15,35,14,1,1628,1627,,False,False,1,SUPPORTED AS TRAINABLE,SECONDARY name + strong historical/mechanical reconstruction; level/order/prerequisites = PROJECT FINAL v1,FINAL_V1
Goa'uld,Battle Lord,16,35,14,1,2717,1628,,False,False,1,SUPPORTED AS TRAINABLE,SECONDARY name + strong historical/mechanical reconstruction; level/order/prerequisites = PROJECT FINAL v1,FINAL_V1
Goa'uld,Battle Lord,17,40,16,1,2715,1626,,False,False,1,SUPPORTED AS TRAINABLE,SECONDARY name + strong historical/mechanical reconstruction; level/order/prerequisites = PROJECT FINAL v1,FINAL_V1
Goa'uld,Battle Lord,18,40,16,1,2694,2717,,False,False,1,SUPPORTED AS TRAINABLE,SECONDARY name + strong historical/mechanical reconstruction; level/order/prerequisites = PROJECT FINAL v1,FINAL_V1
Goa'uld,Battle Lord,19,45,18,1,2716,2676,,False,False,1,SUPPORTED AS TRAINABLE,SECONDARY name + strong historical/mechanical reconstruction; level/order/prerequisites = PROJECT FINAL v1,FINAL_V1
Goa'uld,Battle Lord,20,45,18,1,2865,2716,,False,False,1,SUPPORTED AS TRAINABLE,SECONDARY name + strong historical/mechanical reconstruction; level/order/prerequisites = PROJECT FINAL v1,FINAL_V1
Goa'uld,Battle Lord,21,50,20,1,2718,1639,"2865,2694",False,True,1,SUPPORTED AS TRAINABLE,SECONDARY name + strong historical/mechanical reconstruction; level/order/prerequisites = PROJECT FINAL v1,FINAL_V1
Goa'uld,Servant Lord,1,1,0,1,1643,,,True,False,1,SUPPORTED AS TRAINABLE,SECONDARY name + strong historical/mechanical reconstruction; level/order/prerequisites = PROJECT FINAL v1,FINAL_V1
Goa'uld,Servant Lord,2,5,2,1,1646,1643,,False,False,0,VERIFY RAW COST 0,SECONDARY name + strong historical/mechanical reconstruction; level/order/prerequisites = PROJECT FINAL v1,FINAL_V1
Goa'uld,Servant Lord,3,5,2,1,1647,1646,,False,False,0,VERIFY RAW COST 0,SECONDARY name + strong historical/mechanical reconstruction; level/order/prerequisites = PROJECT FINAL v1,FINAL_V1
Goa'uld,Servant Lord,4,10,4,1,1651,1647,,False,False,0,VERIFY RAW COST 0,SECONDARY name + strong historical/mechanical reconstruction; level/order/prerequisites = PROJECT FINAL v1,FINAL_V1
Goa'uld,Servant Lord,5,10,4,1,1644,1643,,False,False,1,SUPPORTED AS TRAINABLE,SECONDARY name + strong historical/mechanical reconstruction; level/order/prerequisites = PROJECT FINAL v1,FINAL_V1
Goa'uld,Servant Lord,6,15,6,1,1645,1644,,False,False,1,SUPPORTED AS TRAINABLE,SECONDARY name + strong historical/mechanical reconstruction; level/order/prerequisites = PROJECT FINAL v1,FINAL_V1
Goa'uld,Servant Lord,7,15,6,1,1650,1643,,False,False,0,VERIFY RAW COST 0,SECONDARY name + strong historical/mechanical reconstruction; level/order/prerequisites = PROJECT FINAL v1,FINAL_V1
Goa'uld,Servant Lord,8,20,8,1,1652,1643,,False,False,1,SUPPORTED AS TRAINABLE,SECONDARY name + strong historical/mechanical reconstruction; level/order/prerequisites = PROJECT FINAL v1,FINAL_V1
Goa'uld,Servant Lord,9,20,8,1,1654,1652,,False,False,1,SUPPORTED AS TRAINABLE,SECONDARY name + strong historical/mechanical reconstruction; level/order/prerequisites = PROJECT FINAL v1,FINAL_V1
Goa'uld,Servant Lord,10,25,10,1,2824,1650,,False,False,1,SUPPORTED AS TRAINABLE,SECONDARY name + strong historical/mechanical reconstruction; level/order/prerequisites = PROJECT FINAL v1,FINAL_V1
Goa'uld,Servant Lord,11,25,10,1,2852,1654,,False,False,1,SUPPORTED AS TRAINABLE,SECONDARY name + strong historical/mechanical reconstruction; level/order/prerequisites = PROJECT FINAL v1,FINAL_V1
Goa'uld,Servant Lord,12,30,12,1,2775,1643,,False,False,1,SUPPORTED AS TRAINABLE,SECONDARY name + strong historical/mechanical reconstruction; level/order/prerequisites = PROJECT FINAL v1,FINAL_V1
Goa'uld,Servant Lord,13,30,12,1,2795,2775,,False,False,1,SUPPORTED AS TRAINABLE,SECONDARY name + strong historical/mechanical reconstruction; level/order/prerequisites = PROJECT FINAL v1,FINAL_V1
Goa'uld,Servant Lord,14,35,14,1,2823,2795,,False,False,1,SUPPORTED AS TRAINABLE,SECONDARY name + strong historical/mechanical reconstruction; level/order/prerequisites = PROJECT FINAL v1,FINAL_V1
Goa'uld,Servant Lord,15,35,14,1,2827,2823,,False,False,1,SUPPORTED AS TRAINABLE,SECONDARY name + strong historical/mechanical reconstruction; level/order/prerequisites = PROJECT FINAL v1,FINAL_V1
Goa'uld,Servant Lord,16,40,16,1,2846,2827,,False,False,1,SUPPORTED AS TRAINABLE,SECONDARY name + strong historical/mechanical reconstruction; level/order/prerequisites = PROJECT FINAL v1,FINAL_V1
Goa'uld,Servant Lord,17,40,16,1,2839,2852,,False,False,1,SUPPORTED AS TRAINABLE,SECONDARY name + strong historical/mechanical reconstruction; level/order/prerequisites = PROJECT FINAL v1,FINAL_V1
Goa'uld,Servant Lord,18,45,18,1,774,2839,,False,False,1,SUPPORTED AS TRAINABLE,SECONDARY name + strong historical/mechanical reconstruction; level/order/prerequisites = PROJECT FINAL v1,FINAL_V1
Goa'uld,Servant Lord,19,45,18,1,2069,774,,False,False,1,SUPPORTED AS TRAINABLE,SECONDARY name + strong historical/mechanical reconstruction; level/order/prerequisites = PROJECT FINAL v1,FINAL_V1
Goa'uld,Servant Lord,20,50,20,1,2826,1643,"2069,2846",False,True,1,SUPPORTED AS TRAINABLE,SECONDARY name + strong historical/mechanical reconstruction; level/order/prerequisites = PROJECT FINAL v1,FINAL_V1
