mesh	bw_x	bw_y	bw_z	yaw_deg
GA-Props.Ga-Curtain01	73.480	4.840	31.600	0.0
GA-Props.GA-Divider00	66.200	0.012	31.708	270.0
JF-Props.JF-Torch00	74.040	-0.060	25.200	0.0
GA-Props.GA-JewelryBox00	71.776	1.220	32.691	250.3
JF-Arch.JF-Scaffolding_End00	57.539	6.122	31.476	-188.9
GA-Props.GA-MerchantBasket06	66.420	0.000	41.760	0.0
GA-Props.Ga-Pillow03	74.078	0.119	34.323	90.0
GA-Props.Ga-Pillow03	75.839	0.039	34.964	109.7
GA-Props.Ga-Pillow02	74.908	0.339	35.717	41.9
GA-Props.Ga-Pillow03	73.689	0.099	35.615	-5.6
JF-Arch.JF-Scaffolding_End00	76.106	6.080	31.672	-188.9
GA-Props.GA-ScarabPot00	74.656	1.620	32.644	39.4
GA-Props.GA-WeaponRack03	82.994	0.000	24.911	14.1
GA-Props.GA-WeaponRack02	83.558	0.000	27.162	-345.9
GA-Props.GA-WeaponRack03	57.680	0.000	29.200	180.0
GA-Props.GA-WeaponRack02	57.680	0.000	26.880	-180.0
JF-Props.JF-Display01	61.588	0.000	23.283	-98.4
JF-Props.JF-Display00	60.015	0.000	23.044	-191.2
JF-Props.JF-Chair00	73.921	0.000	23.789	216.6
JF-Props.JF-Chair00	71.420	0.000	25.800	90.0
JF-Props.JF-Cabinet02	74.190	0.000	41.950	540.0
GA-Props.Ga-Pillow00	74.999	0.204	34.747	8.6
GA-Props.Ga-Pillow00	72.765	0.089	34.272	145.0
GA-Props.GA-Cover_Banner01	80.944	0.020	20.892	39.4
GA-Props.Ga-Pillow02	75.511	0.181	33.999	25.3
JF-Props.JF-SleepRack01	68.760	0.020	41.900	264.4
JF-Props.JF-Torch00	77.320	-1.680	35.460	0.0
GA-Props.Ga-Pillow03	74.949	0.079	35.835	-5.6
GA-Props.Ga-Pillow00	74.535	0.282	35.099	102.9
JF-Props.JF-Table01	71.420	0.000	24.040	90.0
GA-Props.GA-MerchantFruit_Cluster03	59.780	0.960	23.380	-123.7
GA-Props.GA-MerchantFruit_Cluster03	59.780	0.940	22.480	0.0
GA-Props.GA-Cover_Banner01	69.425	0.020	16.547	101.2
GA-Props.GA-Divider00	60.980	0.054	32.255	270.0
GA-Props.GA-Deco_01	62.471	0.020	40.502	-309.4
GA-Props.GA-Monitor00	62.520	1.853	40.498	-315.0
JF-Props.JF-Torch00	72.520	-1.680	35.460	0.0
GA-Props.Ga-Curtain00	72.060	0.040	44.760	712.9
GA-Props.GA-Divider00	70.720	0.012	43.140	270.0
GA-Props.GA-Divider00	71.120	-0.168	32.288	270.0
GA-Props.GA-Tablet00	74.140	1.000	42.740	427.5
JF-Props.JF-Cabinet02	73.133	0.000	32.662	270.0
GA-Props.GA-MerchantBasket06	78.320	0.000	41.460	0.0
GA-Props.GA-MerchantBasket06	66.620	0.000	42.560	0.0
JF-Props.JF-Brazier_OIL00	76.240	-0.900	36.420	0.0
JF-Buildings.JF-MilitaryTent00	70.642	0.000	30.194	67.5
GA-Props.GA-PropagandaPoster_04	72.320	1.080	24.400	-343.1
GA-Props.GA-PropagandaPoster_04	72.300	1.060	25.000	-42.2
GA-Props.Ga-Curtain01	60.120	4.820	31.360	0.0
JF-Props.JF-Cabinet01	74.820	-0.040	32.720	-90.0
JF-Props.JF-Cabinet01	71.520	0.020	32.740	-90.0
JF-Arch.JF-Scaffolding_End00	62.699	6.042	31.476	-188.9
JF-Props.JF-Chair00	68.740	0.000	24.180	0.0
JF-Props.JF-Vase04	61.428	0.480	23.443	-98.4
JF-Props.JF-Vase01	73.060	1.000	23.660	0.0
JF-Props.JF-Bowl00	71.940	1.060	24.540	0.0
JF-Props.JF-Banner00	83.773	-0.100	28.642	-275.6
JF-Props.JF-WoodPallet00	74.880	-0.020	36.120	0.0
JF-Props.JF-Table01	74.800	-1.100	33.960	90.0
JF-Props.JF-Cabinet02	79.633	0.000	40.441	129.4
GA-Props.GA-JewelryBox00	80.076	0.980	39.992	149.1
GA-Props.GA-JewelryBox00	75.097	2.180	32.589	270.0
GA-Props.GA-JewelryBox00	71.157	2.240	32.649	270.0
JF-Props.JF-Banner00	57.353	0.020	27.582	-95.6
GA-Props.GA-ScarabPot00	79.856	0.980	40.404	39.4
GA-Props.GA-Hologram_Platform00	66.197	-0.120	34.305	-84.4
Playability.Cover_MOB_solo	3.520	0.200	1.080	0.0
JF-Props.JF-Table01	85.480	-1.900	37.580	0.0
JF-Props.JF-Brazier_OIL00	74.556	0.020	40.583	-50.6
JF-Arch.JF-Scaffolding_End00	70.746	6.080	31.672	-188.9
GA-Props.GA-Awning_Door01	70.740	0.000	40.080	-90.0
JF-Buildings.JF-MilitaryTent00	70.642	0.000	30.194	-95.6
GA-Props.GA-Awning_Door01	70.520	0.000	33.920	90.0
JF-Props.JF-Torch00	69.040	-0.040	25.620	0.0
GA-Props.GA-Divider00	75.502	-0.255	18.620	246.7
