source	mesh_or_prefab	bw_x	bw_y	bw_z	yaw_deg	chunk
StaticMeshActor	ASN-Arch.ASN-Step_Divider00	-82.863	-20.759	224.812	28.1	Dakara_E1-0002ffff
StaticMeshActor	ASN-Arch.ASN-Step_Divider00	-45.429	-21.040	58.231	-5.6	Dakara_E1-0000ffff
StaticMeshActor	ASN-Arch.ASN-Step_Divider00	263.547	-21.000	93.126	174.4	Dakara_E1-00000002
StaticMeshActor	ASN-Arch.ASN-Step_Divider00	267.655	-20.439	263.771	140.6	Dakara_E1-00020002
PrefabInstance	Em-Props.EM-StandingLight00_Pf0	-8.321	-20.990	209.721	-73.1	Dakara_E1-0002ffff
PrefabInstance	Em-Props.EM-StandingLight00_Pf0	139.280	-21.050	262.480	106.9	Dakara_E1-00020001
PrefabInstance	Em-Props.EM-StandingLight00_Pf0	209.618	-21.050	219.466	61.9	Dakara_E1-00020002
StaticMeshActor	GA-Arch.GA-Flagstone04	-26.209	-20.960	60.075	-5.6	Dakara_E1-0000ffff
StaticMeshActor	GA-Building.GA-Barracks00	261.155	-21.760	22.763	33.8	Dakara_E1-00000002
StaticMeshActor	GA-Building.GA-MerchantTent00	-161.280	-19.660	87.180	-95.6	Dakara_E1-0000fffe
StaticMeshActor	GA-Building.GA-MerchantTent00	-128.493	-21.380	187.151	118.1	Dakara_E1-0001fffe
StaticMeshActor	GA-Building.GA-MerchantTent00	-78.932	-19.307	-23.114	-5.3	Dakara_E1-ffffffff
StaticMeshActor	GA-Building.GA-MerchantTent00	-78.156	-20.500	342.037	-61.9	Dakara_E1-0003ffff
StaticMeshActor	GA-Building.GA-MerchantTent00	61.438	-20.834	52.447	115.7	Dakara_E1-00000000
StaticMeshActor	GA-Building.GA-MerchantTent00	163.584	-20.834	65.230	59.4	Dakara_E1-00000001
StaticMeshActor	GA-Building.GA-MerchantTent00	237.587	-20.500	375.101	-129.4	Dakara_E1-00030002
PrefabInstance	GA-Building.GA-MerchantTent00_Pf0	306.690	-17.120	129.580	84.4	Dakara_E1-00010003
StaticMeshActor	GA-Building.GA-MerchantTent01	-331.078	-11.235	379.671	-140.6	Dakara_E1-0003fffc
StaticMeshActor	GA-Building.GA-MerchantTent01	-179.097	-19.660	85.662	-95.6	Dakara_E1-0000fffe
StaticMeshActor	GA-Building.GA-MerchantTent01	-156.391	-21.123	180.349	28.1	Dakara_E1-0001fffe
StaticMeshActor	GA-Building.GA-MerchantTent01	-52.553	-19.150	-53.952	-95.6	Dakara_E1-ffffffff
StaticMeshActor	GA-Building.GA-MerchantTent01	9.900	-21.600	186.740	-90.0	Dakara_E1-00010000
StaticMeshActor	GA-Building.GA-MerchantTent01	71.460	-21.680	76.212	-70.3	Dakara_E1-00000000
StaticMeshActor	GA-Building.GA-MerchantTent01	151.880	-20.808	60.807	61.9	Dakara_E1-00000001
StaticMeshActor	GA-Building.GA-MerchantTent01	152.502	-21.500	87.240	-118.1	Dakara_E1-00000001
StaticMeshActor	GA-Building.GA-MerchantTent01	191.676	-21.500	204.049	-95.6	Dakara_E1-00020001
StaticMeshActor	GA-Building.GA-MerchantTent02	-148.436	-21.340	173.758	30.9	Dakara_E1-0001fffe
StaticMeshActor	GA-Building.GA-MerchantTent02	-67.440	-19.060	-13.600	0.0	Dakara_E1-ffffffff
StaticMeshActor	GA-Building.GA-MerchantTent02	-35.800	-19.060	-45.072	-95.6	Dakara_E1-ffffffff
StaticMeshActor	GA-Building.GA-MerchantTent02	9.380	-21.760	215.460	-270.0	Dakara_E1-00020000
StaticMeshActor	GA-Building.GA-MerchantTent02	26.880	-21.760	188.980	-180.0	Dakara_E1-00010000
StaticMeshActor	GA-Building.GA-MerchantTent02	153.677	-20.798	57.258	61.9	Dakara_E1-00000001
StaticMeshActor	GA-Building.GA-MerchantTent02	174.558	-21.660	204.614	-5.6	Dakara_E1-00020001
StaticMeshActor	GA-Building.GA-MerchantTent02	189.378	-21.660	232.681	84.4	Dakara_E1-00020001
StaticMeshActor	GA-Props.GA-Container00	-388.743	-11.919	212.548	81.6	Dakara_E1-0002fffc
StaticMeshActor	GA-Props.GA-Container00	-387.530	-11.919	212.548	33.8	Dakara_E1-0002fffc
StaticMeshActor	GA-Props.GA-Container00	-260.361	-10.819	497.878	151.9	Dakara_E1-0004fffd
StaticMeshActor	GA-Props.GA-Container00	-259.951	-10.819	496.735	104.1	Dakara_E1-0004fffd
StaticMeshActor	GA-Props.GA-Container00	-251.116	-11.811	51.833	-185.6	Dakara_E1-0000fffd
StaticMeshActor	GA-Props.GA-Container00	-250.382	-11.811	52.801	-230.6	Dakara_E1-0000fffd
StaticMeshActor	GA-Props.GA-Container00	-250.216	-11.811	50.918	-292.5	Dakara_E1-0000fffd
StaticMeshActor	GA-Props.GA-Container00	-249.497	-11.811	51.902	-278.4	Dakara_E1-0000fffd
StaticMeshActor	GA-Props.GA-Container00	80.454	-20.825	48.183	141.5	Dakara_E1-00000000
StaticMeshActor	GA-Props.GA-Container00	179.662	-20.825	75.922	88.0	Dakara_E1-00000001
StaticMeshActor	GA-Props.GA-Container00	268.240	-21.200	162.120	0.0	Dakara_E1-00010002
StaticMeshActor	GA-Props.GA-Container00	268.360	-21.200	164.240	0.0	Dakara_E1-00010002
StaticMeshActor	GA-Props.GA-Container00	272.949	-17.120	72.646	0.0	Dakara_E1-00000002
StaticMeshActor	GA-Props.GA-Container00	280.550	-17.120	92.630	39.4	Dakara_E1-00000002
StaticMeshActor	GA-Props.GA-Container00	286.610	-17.120	108.178	0.0	Dakara_E1-00010002
StaticMeshActor	GA-Props.GA-Container00	293.920	-17.120	83.490	0.0	Dakara_E1-00000002
StaticMeshActor	GA-Props.GA-Container00	296.461	-17.120	53.239	0.0	Dakara_E1-00000002
StaticMeshActor	GA-Props.GA-Container00	337.350	-17.120	128.060	0.0	Dakara_E1-00010003
StaticMeshActor	GA-Props.GA-Container00	339.690	-17.120	94.390	0.0	Dakara_E1-00000003
StaticMeshActor	GA-Props.GA-Container00	342.320	-17.120	72.620	16.9	Dakara_E1-00000003
StaticMeshActor	GA-Props.GA-Container00	382.717	-10.956	568.861	2.8	Dakara_E1-00050003
StaticMeshActor	GA-Props.GA-Container00	382.954	-10.956	570.052	-45.0	Dakara_E1-00050003
StaticMeshActor	GA-Props.GA-Container00	383.932	-10.956	568.849	47.8	Dakara_E1-00050003
StaticMeshActor	GA-Props.GA-Container00	384.132	-10.956	570.116	-59.1	Dakara_E1-00050003
StaticMeshActor	GA-Props.GA-Container00	499.402	-11.891	52.584	-208.1	Dakara_E1-00000004
StaticMeshActor	GA-Props.GA-Container00	500.225	-11.891	53.569	-101.2	Dakara_E1-00000005
StaticMeshActor	GA-Props.GA-Container00	500.445	-11.891	52.034	-194.1	Dakara_E1-00000005
StaticMeshActor	GA-Props.GA-Container00	501.260	-11.891	52.933	-146.2	Dakara_E1-00000005
StaticMeshActor	GA-Props.GA-Container00	527.177	-7.071	281.749	14.1	Dakara_E1-00020005
StaticMeshActor	GA-Props.GA-Container00	527.641	-7.071	282.871	-33.8	Dakara_E1-00020005
StaticMeshActor	GA-Props.GA-Container00	528.366	-7.071	281.500	59.1	Dakara_E1-00020005
StaticMeshActor	GA-Props.GA-Container00	528.809	-7.071	282.704	-47.8	Dakara_E1-00020005
StaticMeshActor	GA-Props.GA-Container00	538.328	-11.819	413.841	208.1	Dakara_E1-00040005
StaticMeshActor	GA-Props.GA-Container00	539.536	-11.819	413.961	255.9	Dakara_E1-00040005
PrefabInstance	GA-Props.GA-Hatak00_Pf0	-111.710	353.916	78.091	0.0	Dakara_E1
PrefabInstance	GA-Props.GA-Hatak00_Pf0	367.160	359.597	136.130	95.5	Dakara_E1
StaticMeshActor	GA-Props.GA-HeavyArtillary00	282.394	-17.120	88.240	-174.4	Dakara_E1-00000002
StaticMeshActor	GLB-Global.GLB-DHD_00	97.938	-16.820	237.584	84.4	Dakara_E1-00020000
PrefabInstance	GLB-Global.GLB-RingTransporter00_Pf0	-139.333	-16.365	48.953	-180.0	Dakara_E1-0000fffe
PrefabInstance	GLB-Global.GLB-RingTransporter00_Pf0	358.030	-16.210	102.070	0.0	Dakara_E1-00010003
StaticMeshActor	GLB-Global.GLB-RingTransporterBase_TC00	140.187	-2.402	-493.569	174.4	Dakara_E1-fffb0001
StaticMeshActor	GLB-Global.GLB-StargateBase_Goa01	96.515	-16.850	250.855	84.4	Dakara_E1-00020000
PrefabInstance	GLB-Global.GLB-Stargate_Prefab	99.697	-16.850	252.675	84.4	Dakara_E1
StaticMeshActor	HB-Buildings.HB-Tent_Large00	424.233	-8.940	503.246	219.4	Dakara_E1-00050004
StaticMeshActor	HB-Buildings.HB-Tent_Large00	499.917	-4.520	557.288	67.5	Dakara_E1-00050004
PrefabInstance	HB-Buildings.HB-Tent_Large00_Pf0	503.889	-9.120	465.954	-230.6	Dakara_E1-00040005
StaticMeshActor	HB-Buildings.HB-Tent_med00	408.678	-8.960	513.806	39.4	Dakara_E1-00050004
StaticMeshActor	HB-Buildings.HB-Tent_med00	419.238	-8.960	524.766	39.4	Dakara_E1-00050004
StaticMeshActor	HB-Buildings.HB-Tent_med00	436.038	-8.960	486.286	-50.6	Dakara_E1-00040004
StaticMeshActor	HB-Buildings.HB-Tent_med00	463.680	-4.620	514.510	39.4	Dakara_E1-00050004
PrefabInstance	HB-Buildings.HB-Tent_small00_Pf0	444.130	-8.960	497.772	-140.6	Dakara_E1-00040004
PrefabInstance	HB-Buildings.HB-Tent_small00_Pf0	484.851	-4.960	497.163	309.4	Dakara_E1-00040004
StaticMeshActor	HB-Props.HB-BPortal00	512.237	-4.640	552.368	130.0	Dakara_E1-00050005
StaticMeshActor	HB-Props.HB-Container00	405.050	-8.160	514.531	56.2	Dakara_E1-00050004
StaticMeshActor	HB-Props.HB-Container00	405.065	-9.120	514.514	39.4	Dakara_E1-00050004
StaticMeshActor	HB-Props.HB-Container00	405.776	-9.120	515.380	39.4	Dakara_E1-00050004
StaticMeshActor	HB-Props.HB-Container00	405.821	-8.160	515.393	33.8	Dakara_E1-00050004
StaticMeshActor	HB-Props.HB-Container00	405.830	-9.120	513.680	39.4	Dakara_E1-00050004
StaticMeshActor	HB-Props.HB-Container00	406.842	-9.120	516.679	39.4	Dakara_E1-00050004
StaticMeshActor	HB-Props.HB-Container00	407.440	-8.160	517.432	50.6	Dakara_E1-00050004
StaticMeshActor	HB-Props.HB-Container00	407.502	-9.120	517.482	39.4	Dakara_E1-00050004
StaticMeshActor	HB-Props.HB-Container00	409.680	-9.120	510.560	56.2	Dakara_E1-00050004
StaticMeshActor	HB-Props.HB-Container00	464.480	-3.680	523.840	56.3	Dakara_E1-00050004
StaticMeshActor	HB-Props.HB-Container00	464.480	-4.640	523.840	45.0	Dakara_E1-00050004
StaticMeshActor	HB-Props.HB-Container00	465.280	-3.680	524.480	61.9	Dakara_E1-00050004
StaticMeshActor	HB-Props.HB-Container00	465.280	-4.640	524.480	45.0	Dakara_E1-00050004
StaticMeshActor	HB-Props.HB-Container00	465.920	-4.640	525.600	22.5	Dakara_E1-00050004
StaticMeshActor	HB-Props.HB-Container00	466.560	-4.640	524.480	67.5	Dakara_E1-00050004
StaticMeshActor	HB-Props.HB-Container00	467.520	-4.640	523.840	50.6	Dakara_E1-00050004
StaticMeshActor	HB-Props.HB-Container00	479.468	-6.980	463.759	61.9	Dakara_E1-00040004
StaticMeshActor	HB-Props.HB-Container00	479.988	-6.020	462.799	-112.5	Dakara_E1-00040004
StaticMeshActor	HB-Props.HB-Container00	480.068	-6.980	462.799	-45.0	Dakara_E1-00040004
StaticMeshActor	HB-Props.HB-Container00	480.534	-6.980	464.269	61.9	Dakara_E1-00040004
StaticMeshActor	HB-Props.HB-Container00	481.108	-6.980	463.279	-22.5	Dakara_E1-00040004
StaticMeshActor	HB-Props.HB-Container00	481.108	-6.020	463.279	-50.6	Dakara_E1-00040004
StaticMeshActor	HB-Props.HB-Container00	488.539	-4.480	491.716	-50.6	Dakara_E1-00040004
StaticMeshActor	HB-Props.HB-Container00	489.136	-4.480	492.571	-50.6	Dakara_E1-00040004
StaticMeshActor	HB-Props.HB-Container00	496.557	-4.600	553.688	0.0	Dakara_E1-00050004
StaticMeshActor	HB-Props.HB-Container00	497.597	-4.600	553.408	0.0	Dakara_E1-00050004
StaticMeshActor	HB-Props.HB-Container00	499.868	-9.081	453.199	118.1	Dakara_E1-00040004
StaticMeshActor	HB-Props.HB-Container00	500.188	-9.081	452.079	163.1	Dakara_E1-00040005
StaticMeshActor	HB-Props.HB-Container00	501.045	-9.081	452.835	67.5	Dakara_E1-00040005
StaticMeshActor	HB-Props.HB-Container00	504.477	-4.600	555.688	-45.0	Dakara_E1-00050005
StaticMeshActor	HB-Props.HB-Container00	505.517	-4.600	556.168	-22.5	Dakara_E1-00050005
StaticMeshActor	HB-Props.HB-Container00	505.717	-4.600	558.448	0.0	Dakara_E1-00050005
StaticMeshActor	HB-Props.HB-Container00	506.117	-4.600	557.288	22.5	Dakara_E1-00050005
StaticMeshActor	HB-Props.HB-Container00	509.669	-4.600	572.403	-78.7	Dakara_E1-00050005
StaticMeshActor	HB-Props.HB-Container00	510.219	-4.600	536.585	-67.5	Dakara_E1-00050005
StaticMeshActor	HB-Props.HB-Container00	510.836	-4.600	572.307	-90.0	Dakara_E1-00050005
StaticMeshActor	HB-Props.HB-Container00	510.996	-4.600	537.427	-45.0	Dakara_E1-00050005
StaticMeshActor	HB-Props.HB-Container00	511.109	-4.600	573.363	5.6	Dakara_E1-00050005
StaticMeshActor	HB-Props.HB-Container00	511.122	-4.600	538.691	0.0	Dakara_E1-00050005
StaticMeshActor	HB-Props.HB-Container00	511.909	-4.600	572.083	11.2	Dakara_E1-00050005
StaticMeshActor	HB-Props.HB-Container00	518.949	-4.600	569.843	33.8	Dakara_E1-00050005
StaticMeshActor	HB-Props.HB-Container00	519.733	-4.480	533.385	-50.6	Dakara_E1-00050005
StaticMeshActor	HB-Props.HB-Container00	523.195	-4.480	533.441	-50.6	Dakara_E1-00050005
StaticMeshActor	HB-Props.HB-Container00	524.069	-4.600	551.283	0.0	Dakara_E1-00050005
StaticMeshActor	HB-Props.HB-Container00	524.549	-4.600	550.163	-22.5	Dakara_E1-00050005
StaticMeshActor	HB-Props.HB-Container00	524.916	-4.600	548.947	-67.5	Dakara_E1-00050005
StaticMeshActor	HB-Props.HB-Container00	532.837	-4.600	555.048	67.5	Dakara_E1-00050005
StaticMeshActor	HB-Props.HB-Container00	533.261	-3.640	554.041	-106.9	Dakara_E1-00050005
StaticMeshActor	HB-Props.HB-Container00	533.340	-4.600	554.034	-39.4	Dakara_E1-00050005
StaticMeshActor	HB-Props.HB-Container00	533.949	-4.600	555.451	67.5	Dakara_E1-00050005
StaticMeshActor	HB-Props.HB-Container00	534.422	-4.600	554.409	-16.9	Dakara_E1-00050005
StaticMeshActor	HB-Props.HB-Container00	534.422	-3.640	554.409	-45.0	Dakara_E1-00050005
StaticMeshActor	HB-Props.HB-Container01	426.735	-9.120	495.732	-22.5	Dakara_E1-00040004
StaticMeshActor	HB-Props.HB-Container01	426.913	-9.120	496.700	-73.1	Dakara_E1-00040004
StaticMeshActor	HB-Props.HB-Container01	426.928	-9.120	498.478	298.1	Dakara_E1-00040004
StaticMeshActor	HB-Props.HB-Container01	427.282	-9.120	497.553	61.9	Dakara_E1-00040004
StaticMeshActor	HB-Props.HB-Container01	428.049	-9.120	498.276	-95.6	Dakara_E1-00040004
StaticMeshActor	HB-Props.HB-Container01	428.104	-9.120	496.818	-22.5	Dakara_E1-00040004
StaticMeshActor	HB-Props.HB-Container01	428.764	-9.120	497.542	-33.7	Dakara_E1-00040004
StaticMeshActor	HB-Props.HB-Container01	470.800	-4.480	514.080	0.0	Dakara_E1-00050004
StaticMeshActor	HB-Props.HB-Container01	485.440	-4.480	492.480	0.0	Dakara_E1-00040004
StaticMeshActor	HB-Props.HB-Container01	485.814	-5.820	461.149	-73.1	Dakara_E1-00040004
StaticMeshActor	HB-Props.HB-Container01	486.134	-5.820	462.189	16.9	Dakara_E1-00040004
StaticMeshActor	HB-Props.HB-Container01	487.014	-5.820	461.549	61.9	Dakara_E1-00040004
StaticMeshActor	HB-Props.HB-Container01	498.637	-4.600	553.648	0.0	Dakara_E1-00050004
StaticMeshActor	HB-Props.HB-Humvee_02	483.907	-6.276	456.649	104.1	Dakara_E1-00040004
StaticMeshActor	HP-Props.HP-Bonfire01	-414.017	-11.725	213.884	-53.4	Dakara_E1-0002fffb
StaticMeshActor	HP-Props.HP-Bonfire01	-267.617	-10.805	522.124	16.9	Dakara_E1-0005fffd
StaticMeshActor	HP-Props.HP-Bonfire01	564.819	-11.805	415.109	120.9	Dakara_E1-00040005
StaticMeshActor	JF-Arch.JF-BridgeLarge_Con00	-280.877	-11.880	387.388	129.4	Dakara_E1-0003fffd
StaticMeshActor	JF-Arch.JF-BridgeLarge_Con00	-252.956	-11.880	364.474	129.4	Dakara_E1-0003fffd
StaticMeshActor	JF-Arch.JF-BridgeLarge_Con00	111.794	-21.020	-67.191	84.4	Dakara_E1-ffff0001
StaticMeshActor	JF-Arch.JF-BridgeLarge_Con00	138.156	-18.580	488.054	-5.6	Dakara_E1-00040001
StaticMeshActor	JF-Arch.JF-BridgeLarge_Con00	147.743	-21.020	-63.657	264.4	Dakara_E1-ffff0001
StaticMeshActor	JF-Arch.JF-BridgeLarge_Con00	419.866	-11.670	438.770	-140.6	Dakara_E1-00040004
StaticMeshActor	JF-Arch.JF-BridgeLarge_Con00	442.781	-11.670	466.691	-140.6	Dakara_E1-00040004
StaticMeshActor	JF-Arch.JF-BridgeLarge_End00	-292.488	-11.880	396.917	129.4	Dakara_E1-0003fffd
StaticMeshActor	JF-Arch.JF-BridgeLarge_End00	-241.376	-11.880	354.971	309.4	Dakara_E1-0003fffd
StaticMeshActor	JF-Arch.JF-BridgeLarge_End00	96.860	-21.020	-68.662	84.4	Dakara_E1-ffff0000
StaticMeshActor	JF-Arch.JF-BridgeLarge_End00	162.671	-21.020	-62.187	264.4	Dakara_E1-ffff0001
StaticMeshActor	JF-Arch.JF-BridgeLarge_End00	410.363	-11.670	427.191	39.4	Dakara_E1-00040004
StaticMeshActor	JF-Arch.JF-BridgeLarge_End00	452.309	-11.670	478.302	-140.6	Dakara_E1-00040004
StaticMeshActor	JF-Arch.JF-BridgeLarge_Middle00	-266.917	-11.880	375.931	129.4	Dakara_E1-0003fffd
StaticMeshActor	JF-Arch.JF-BridgeLarge_Middle00	129.767	-21.020	-65.411	84.4	Dakara_E1-ffff0001
StaticMeshActor	JF-Arch.JF-BridgeLarge_Middle00	431.323	-11.670	452.731	-140.6	Dakara_E1-00040004
StaticMeshActor	JF-Arch.JF-GuardWallArch00	-214.960	-14.220	135.640	0.0	Dakara_E1-0001fffd
StaticMeshActor	JF-Arch.JF-GuardWallArch00	-73.284	-19.660	-53.544	-50.6	Dakara_E1-ffffffff
StaticMeshActor	JF-Arch.JF-GuardWallArch00	-40.119	-19.856	394.966	264.4	Dakara_E1-0003ffff
StaticMeshActor	JF-Arch.JF-GuardWallArch00	146.998	11.678	-239.518	-95.6	Dakara_E1-fffd0001
StaticMeshActor	JF-Arch.JF-GuardWallArch00	191.449	-19.856	417.608	-95.6	Dakara_E1-00040001
StaticMeshActor	JF-Arch.JF-GuardWallArch00	414.265	-14.247	203.375	-191.2	Dakara_E1-00020004
StaticMeshActor	JF-Arch.JF-HighWallArch00	-315.724	-4.840	415.986	579.4	Dakara_E1-0004fffc
StaticMeshActor	JF-Arch.JF-HighWallArch00	-306.718	-11.560	327.432	489.4	Dakara_E1-0003fffc
StaticMeshActor	JF-Arch.JF-HighWallArch00	-218.109	-4.840	335.875	399.4	Dakara_E1-0003fffd
StaticMeshActor	JF-Arch.JF-HighWallArch00	-209.290	-21.760	135.680	0.0	Dakara_E1-0001fffd
StaticMeshActor	JF-Arch.JF-HighWallArch00	-19.200	-13.760	550.720	84.4	Dakara_E1-0005ffff
StaticMeshActor	JF-Arch.JF-HighWallArch00	6.400	-12.800	717.760	84.4	Dakara_E1-00070000
StaticMeshActor	JF-Arch.JF-HighWallArch00	66.560	-12.800	724.160	84.4	Dakara_E1-00070000
StaticMeshActor	JF-Arch.JF-HighWallArch00	72.114	-21.120	441.715	84.4	Dakara_E1-00040000
StaticMeshActor	JF-Arch.JF-HighWallArch00	131.746	-13.760	561.949	84.4	Dakara_E1-00050001
StaticMeshActor	JF-Arch.JF-HighWallArch00	382.825	-11.340	492.533	219.4	Dakara_E1-00040003
StaticMeshActor	JF-Arch.JF-HighWallArch00	391.268	-4.620	403.923	129.4	Dakara_E1-00040003
StaticMeshActor	JF-Arch.JF-HighWallArch00	408.712	-21.787	202.230	-191.2	Dakara_E1-00020004
StaticMeshActor	JF-Arch.JF-HighWallArch00	471.379	-4.620	501.539	309.4	Dakara_E1-00050004
StaticMeshActor	JF-Arch.JF-HighWallArch00	479.822	-11.340	412.929	399.4	Dakara_E1-00040004
StaticMeshActor	JF-Arch.JF-LowWallArch00	2.436	-12.800	463.232	84.4	Dakara_E1-00040000
StaticMeshActor	JF-Arch.JF-LowWallArch00	3.506	-12.800	452.364	84.4	Dakara_E1-00040000
StaticMeshActor	JF-Arch.JF-LowWallArch00	16.624	-12.800	466.498	-5.6	Dakara_E1-00040000
StaticMeshActor	JF-Arch.JF-LowWallArch00	18.063	-12.800	451.889	-5.6	Dakara_E1-00040000
StaticMeshActor	JF-Arch.JF-LowWallArch00	130.229	11.678	-317.376	174.4	Dakara_E1-fffc0001
StaticMeshActor	JF-Arch.JF-LowWallArch00	153.768	6.558	-407.824	174.4	Dakara_E1-fffb0001
StaticMeshActor	JF-Arch.JF-LowWallArch00	159.859	6.558	-435.392	264.4	Dakara_E1-fffb0001
StaticMeshActor	JF-Arch.JF-LowWallArch00	159.985	6.558	-436.666	264.4	Dakara_E1-fffb0001
StaticMeshActor	JF-Arch.JF-LowWallArch00	166.228	6.558	-434.765	264.4	Dakara_E1-fffb0001
StaticMeshActor	JF-Arch.JF-LowWallArch00	166.354	6.558	-436.039	264.4	Dakara_E1-fffb0001
StaticMeshActor	JF-Arch.JF-LowWallArch00	172.597	6.558	-434.138	264.4	Dakara_E1-fffb0001
StaticMeshActor	JF-Arch.JF-LowWallArch00	172.723	6.558	-435.411	264.4	Dakara_E1-fffb0001
StaticMeshActor	JF-Arch.JF-LowWallArch00	235.638	6.558	-297.187	264.4	Dakara_E1-fffd0002
StaticMeshActor	JF-Arch.JF-LowWallArch00	246.592	1.438	-445.950	354.4	Dakara_E1-fffb0002
StaticMeshActor	JF-Arch.JF-LowWallArch00	251.950	6.558	-301.207	354.4	Dakara_E1-fffc0002
StaticMeshActor	JF-Arch.JF-LowWallArch00	252.145	1.438	-471.320	264.4	Dakara_E1-fffb0002
StaticMeshActor	JF-Arch.JF-LowWallArch00	252.270	1.438	-472.593	264.4	Dakara_E1-fffb0002
StaticMeshActor	JF-Arch.JF-LowWallArch00	253.224	6.558	-301.082	354.4	Dakara_E1-fffc0002
StaticMeshActor	JF-Arch.JF-LowWallArch00	258.514	1.438	-470.692	264.4	Dakara_E1-fffb0002
StaticMeshActor	JF-Arch.JF-LowWallArch00	258.640	1.438	-471.966	264.4	Dakara_E1-fffb0002
StaticMeshActor	JF-Arch.JF-LowWallArch00	264.883	1.438	-470.065	264.4	Dakara_E1-fffb0002
StaticMeshActor	JF-Arch.JF-LowWallArch00	265.009	1.438	-471.339	264.4	Dakara_E1-fffb0002
StaticMeshActor	JF-Arch.JF-LowWallArch00	266.127	1.438	-445.151	354.4	Dakara_E1-fffb0002
StaticMeshActor	JF-Arch.JF-LowWallArch00	267.401	1.438	-445.026	354.4	Dakara_E1-fffb0002
StaticMeshActor	JF-Arch.JF-LowWallArch00	295.862	1.438	-384.665	354.4	Dakara_E1-fffc0002
StaticMeshActor	JF-Arch.JF-LowWallArch00	296.866	1.438	-394.856	354.4	Dakara_E1-fffc0002
StaticMeshActor	JF-Arch.JF-Scaffolding_Column01	-358.127	-5.010	270.484	11.2	Dakara_E1-0002fffc
StaticMeshActor	JF-Arch.JF-Scaffolding_Column01	-358.127	-11.110	270.484	11.2	Dakara_E1-0002fffc
StaticMeshActor	JF-Arch.JF-Scaffolding_Column01	141.494	11.678	-306.058	444.4	Dakara_E1-fffc0001
StaticMeshActor	JF-Arch.JF-Scaffolding_Column01	231.701	6.558	-315.983	174.4	Dakara_E1-fffc0002
StaticMeshActor	JF-Arch.JF-Scaffolding_Column01	239.003	1.438	-498.266	264.4	Dakara_E1-fffb0002
StaticMeshActor	JF-Arch.JF-Scaffolding_Column01	240.053	1.438	-405.677	444.4	Dakara_E1-fffb0002
StaticMeshActor	JF-Arch.JF-Scaffolding_Column01	246.376	1.438	-430.698	264.4	Dakara_E1-fffb0002
StaticMeshActor	JF-Arch.JF-Scaffolding_Column01	250.573	6.558	-306.809	84.4	Dakara_E1-fffc0002
StaticMeshActor	JF-Arch.JF-Scaffolding_Column01	251.680	1.438	-519.244	174.4	Dakara_E1-fffa0002
StaticMeshActor	JF-Arch.JF-Scaffolding_Column01	263.621	1.438	-439.289	84.4	Dakara_E1-fffb0002
StaticMeshActor	JF-Arch.JF-Scaffolding_Column01	501.657	-11.840	554.242	46.6	Dakara_E1-00050005
StaticMeshActor	JF-Arch.JF-SimpleWallArch00	-299.174	-4.840	402.404	219.4	Dakara_E1-0004fffd
StaticMeshActor	JF-Arch.JF-SimpleWallArch00	-234.697	-4.840	349.489	39.4	Dakara_E1-0003fffd
StaticMeshActor	JF-Arch.JF-SimpleWallArch00	-118.599	-9.316	494.698	174.4	Dakara_E1-0004fffe
StaticMeshActor	JF-Arch.JF-SimpleWallArch00	-113.452	-16.939	183.581	118.1	Dakara_E1-0001fffe
StaticMeshActor	JF-Arch.JF-SimpleWallArch00	-87.230	-16.939	221.328	208.1	Dakara_E1-0002ffff
StaticMeshActor	JF-Arch.JF-SimpleWallArch00	-82.224	-16.939	230.694	208.1	Dakara_E1-0002ffff
StaticMeshActor	JF-Arch.JF-SimpleWallArch00	-65.332	-16.939	273.607	118.1	Dakara_E1-0002ffff
StaticMeshActor	JF-Arch.JF-SimpleWallArch00	-57.830	-18.219	108.784	84.4	Dakara_E1-0001ffff
StaticMeshActor	JF-Arch.JF-SimpleWallArch00	-46.954	-18.219	52.751	174.4	Dakara_E1-0000ffff
StaticMeshActor	JF-Arch.JF-SimpleWallArch00	-32.347	-21.920	154.983	-2.8	Dakara_E1-0001ffff
StaticMeshActor	JF-Arch.JF-SimpleWallArch00	-1.527	-21.760	256.673	45.0	Dakara_E1-0002ffff
StaticMeshActor	JF-Arch.JF-SimpleWallArch00	16.474	-21.760	66.371	-50.6	Dakara_E1-00000000
StaticMeshActor	JF-Arch.JF-SimpleWallArch00	30.829	-16.939	338.093	174.4	Dakara_E1-00030000
StaticMeshActor	JF-Arch.JF-SimpleWallArch00	32.664	-21.760	45.215	28.1	Dakara_E1-00000000
StaticMeshActor	JF-Arch.JF-SimpleWallArch00	33.496	-9.499	505.509	84.4	Dakara_E1-00050000
StaticMeshActor	JF-Arch.JF-SimpleWallArch00	44.072	-9.280	585.686	84.4	Dakara_E1-00050000
StaticMeshActor	JF-Arch.JF-SimpleWallArch00	46.236	-9.280	563.711	84.4	Dakara_E1-00050000
StaticMeshActor	JF-Arch.JF-SimpleWallArch00	47.083	-9.280	555.112	84.4	Dakara_E1-00050000
StaticMeshActor	JF-Arch.JF-SimpleWallArch00	48.087	-9.280	544.922	84.4	Dakara_E1-00050000
StaticMeshActor	JF-Arch.JF-SimpleWallArch00	64.314	-9.280	587.679	84.4	Dakara_E1-00050000
StaticMeshActor	JF-Arch.JF-SimpleWallArch00	66.465	-9.191	565.867	84.4	Dakara_E1-00050000
StaticMeshActor	JF-Arch.JF-SimpleWallArch00	67.325	-9.280	557.106	84.4	Dakara_E1-00050000
StaticMeshActor	JF-Arch.JF-SimpleWallArch00	68.329	-9.280	546.915	84.4	Dakara_E1-00050000
StaticMeshActor	JF-Arch.JF-SimpleWallArch00	77.422	-16.939	337.262	264.4	Dakara_E1-00030000
StaticMeshActor	JF-Arch.JF-SimpleWallArch00	77.432	-14.899	-19.054	84.4	Dakara_E1-ffff0000
StaticMeshActor	JF-Arch.JF-SimpleWallArch00	87.437	-14.899	-120.642	84.4	Dakara_E1-fffe0000
StaticMeshActor	JF-Arch.JF-SimpleWallArch00	88.112	-13.960	-69.540	-5.6	Dakara_E1-ffff0000
StaticMeshActor	JF-Arch.JF-SimpleWallArch00	90.182	-9.499	511.092	84.4	Dakara_E1-00050000
StaticMeshActor	JF-Arch.JF-SimpleWallArch00	96.503	-21.790	304.943	84.4	Dakara_E1-00030000
StaticMeshActor	JF-Arch.JF-SimpleWallArch00	126.626	-21.570	38.012	84.4	Dakara_E1-00000001
StaticMeshActor	JF-Arch.JF-SimpleWallArch00	133.057	-16.939	348.099	174.4	Dakara_E1-00030001
StaticMeshActor	JF-Arch.JF-SimpleWallArch00	171.747	-14.600	-61.302	-5.6	Dakara_E1-ffff0001
StaticMeshActor	JF-Arch.JF-SimpleWallArch00	172.164	-14.899	-9.799	84.4	Dakara_E1-ffff0001
StaticMeshActor	JF-Arch.JF-SimpleWallArch00	182.170	-14.899	-111.387	84.4	Dakara_E1-fffe0001
StaticMeshActor	JF-Arch.JF-SimpleWallArch00	189.020	-21.760	272.541	-230.6	Dakara_E1-00020001
StaticMeshActor	JF-Arch.JF-SimpleWallArch00	198.157	-21.760	67.214	-230.6	Dakara_E1-00000001
StaticMeshActor	JF-Arch.JF-SimpleWallArch00	204.103	-21.760	86.757	-140.6	Dakara_E1-00000002
StaticMeshActor	JF-Arch.JF-SimpleWallArch00	234.898	-21.760	178.947	-185.6	Dakara_E1-00010002
StaticMeshActor	JF-Arch.JF-SimpleWallArch00	240.927	-9.316	530.715	354.4	Dakara_E1-00050002
StaticMeshActor	JF-Arch.JF-SimpleWallArch00	241.141	-16.939	307.921	230.6	Dakara_E1-00030002
StaticMeshActor	JF-Arch.JF-SimpleWallArch00	265.212	-18.219	98.507	-5.6	Dakara_E1-00000002
StaticMeshActor	JF-Arch.JF-SimpleWallArch00	265.980	-16.939	269.251	320.6	Dakara_E1-00020002
StaticMeshActor	JF-Arch.JF-SimpleWallArch00	266.020	-18.219	144.699	-95.6	Dakara_E1-00010002
StaticMeshActor	JF-Arch.JF-SimpleWallArch00	305.900	-16.939	229.012	230.6	Dakara_E1-00020003
StaticMeshActor	JF-Arch.JF-SimpleWallArch00	404.882	-4.620	420.512	-230.6	Dakara_E1-00040004
StaticMeshActor	JF-Arch.JF-SimpleWallArch00	457.797	-4.620	484.989	-50.6	Dakara_E1-00040004
StaticMeshActor	JF-Arch.JF-SimpleWallArch00	478.992	-12.160	573.113	45.0	Dakara_E1-00050004
StaticMeshActor	JF-Arch.JF-SimpleWallArch00	487.364	-13.440	565.194	45.0	Dakara_E1-00050004
StaticMeshActor	JF-Arch.JF-SimpleWallArch00	496.867	-13.440	555.691	45.0	Dakara_E1-00050004
StaticMeshActor	JF-Arch.JF-SimpleWallArch00	506.597	-13.440	545.961	45.0	Dakara_E1-00050005
StaticMeshActor	JF-Arch.JF-SimpleWallArch00	516.327	-13.440	536.231	45.0	Dakara_E1-00050005
StaticMeshActor	JF-Arch.JF-SimpleWallArch00	526.057	-13.440	526.501	45.0	Dakara_E1-00050005
StaticMeshActor	JF-Arch.JF-SimpleWallArch00	535.108	-12.160	516.997	45.0	Dakara_E1-00050005
StaticMeshActor	JF-Arch.JF-SimpleWallArch01	-47.995	-18.219	63.320	174.4	Dakara_E1-0000ffff
StaticMeshActor	JF-Arch.JF-SimpleWallArch01	-40.745	-9.499	507.583	-5.6	Dakara_E1-0005ffff
StaticMeshActor	JF-Arch.JF-SimpleWallArch01	-39.712	-9.499	497.093	-5.6	Dakara_E1-0004ffff
StaticMeshActor	JF-Arch.JF-SimpleWallArch01	55.868	-9.499	507.713	84.4	Dakara_E1-00050000
StaticMeshActor	JF-Arch.JF-SimpleWallArch01	67.412	-9.499	508.850	-95.6	Dakara_E1-00050000
StaticMeshActor	JF-Arch.JF-SimpleWallArch01	80.733	-21.760	303.343	84.4	Dakara_E1-00030000
StaticMeshActor	JF-Arch.JF-SimpleWallArch01	87.100	-14.899	-59.144	-5.6	Dakara_E1-ffff0000
StaticMeshActor	JF-Arch.JF-SimpleWallArch01	87.991	-16.939	338.303	264.4	Dakara_E1-00030000
StaticMeshActor	JF-Arch.JF-SimpleWallArch01	89.145	-14.899	-79.903	-5.6	Dakara_E1-ffff0000
StaticMeshActor	JF-Arch.JF-SimpleWallArch01	103.965	-21.890	27.914	354.4	Dakara_E1-00000001
StaticMeshActor	JF-Arch.JF-SimpleWallArch01	111.073	-21.900	36.453	84.4	Dakara_E1-00000001
StaticMeshActor	JF-Arch.JF-SimpleWallArch01	135.078	-21.720	31.250	354.4	Dakara_E1-00000001
StaticMeshActor	JF-Arch.JF-SimpleWallArch01	162.016	-9.499	528.537	-185.6	Dakara_E1-00050001
StaticMeshActor	JF-Arch.JF-SimpleWallArch01	163.049	-9.499	518.048	-185.6	Dakara_E1-00050001
StaticMeshActor	JF-Arch.JF-SimpleWallArch01	170.855	-14.899	-50.895	-5.6	Dakara_E1-ffff0001
StaticMeshActor	JF-Arch.JF-SimpleWallArch01	172.899	-14.899	-71.654	-5.6	Dakara_E1-ffff0001
StaticMeshActor	JF-Arch.JF-SimpleWallArch01	266.253	-18.219	87.938	-5.6	Dakara_E1-00000002
StaticMeshActor	JF-Arch.JF-SimpleWallArch01	272.717	-16.939	261.041	320.6	Dakara_E1-00020002
StaticMeshActor	JF-Arch.JF-SimpleWallArch02	52.905	-4.370	600.473	84.4	Dakara_E1-00060000
StaticMeshActor	JF-Arch.JF-SimpleWallArch02	54.253	-4.370	586.789	84.4	Dakara_E1-00050000
StaticMeshActor	JF-Arch.JF-SimpleWallArch02	55.264	-4.370	576.529	84.4	Dakara_E1-00050000
StaticMeshActor	JF-Arch.JF-SimpleWallArch02	56.413	-4.370	564.865	84.4	Dakara_E1-00050000
StaticMeshActor	JF-Arch.JF-SimpleWallArch02	57.266	-4.370	556.197	84.4	Dakara_E1-00050000
StaticMeshActor	JF-Arch.JF-SimpleWallArch02	57.288	-4.370	555.978	84.4	Dakara_E1-00050000
StaticMeshActor	JF-Arch.JF-SimpleWallArch02	58.292	-4.370	545.778	84.4	Dakara_E1-00050000
StaticMeshActor	JF-Buildings.JF-Arena00	506.775	-4.620	544.642	490.0	Dakara_E1-00050005
StaticMeshActor	JF-Buildings.JF-DecBuilding00	21.218	-12.800	476.879	174.4	Dakara_E1-00040000
StaticMeshActor	JF-Buildings.JF-DecBuilding00	24.602	-12.800	442.525	174.4	Dakara_E1-00040000
StaticMeshActor	JF-Buildings.JF-DecBuilding00	36.280	-21.540	207.300	180.0	Dakara_E1-00020000
StaticMeshActor	JF-Buildings.JF-DecBuilding00	50.342	-21.820	71.971	-70.3	Dakara_E1-00000000
StaticMeshActor	JF-Buildings.JF-DecBuilding00	85.519	-21.820	59.385	-70.3	Dakara_E1-00000000
StaticMeshActor	JF-Buildings.JF-DecBuilding00	98.420	-20.600	-120.869	-5.6	Dakara_E1-fffe0000
StaticMeshActor	JF-Buildings.JF-DecBuilding00	141.463	-21.640	68.745	-118.1	Dakara_E1-00000001
StaticMeshActor	JF-Buildings.JF-DecBuilding00	163.407	-21.440	221.924	-5.6	Dakara_E1-00020001
StaticMeshActor	JF-Buildings.JF-DecBuilding00	171.231	-20.600	-113.604	-185.6	Dakara_E1-fffe0001
StaticMeshActor	JF-Buildings.JF-DecBuilding00	174.411	-21.640	86.357	-118.1	Dakara_E1-00000001
StaticMeshActor	JF-Buildings.JF-DecBuilding01	-112.217	-21.500	-62.063	-45.0	Dakara_E1-fffffffe
StaticMeshActor	JF-Buildings.JF-DecBuilding01	-84.569	-21.500	-89.711	-45.0	Dakara_E1-ffffffff
StaticMeshActor	JF-Buildings.JF-DecBuilding01	36.680	-21.620	185.800	90.0	Dakara_E1-00010000
StaticMeshActor	JF-Buildings.JF-DecBuilding01	97.549	-20.600	-90.297	-5.6	Dakara_E1-ffff0000
StaticMeshActor	JF-Buildings.JF-DecBuilding01	98.654	-20.600	-101.623	-5.6	Dakara_E1-fffe0000
StaticMeshActor	JF-Buildings.JF-DecBuilding01	165.117	-21.520	200.488	84.4	Dakara_E1-00020001
StaticMeshActor	JF-Buildings.JF-DecBuilding01	166.478	-20.600	-83.816	174.4	Dakara_E1-ffff0001
StaticMeshActor	JF-Buildings.JF-DecBuilding01	167.604	-20.600	-95.141	174.4	Dakara_E1-ffff0001
StaticMeshActor	JF-Buildings.JF-DecBuilding01	366.024	-9.120	456.455	39.4	Dakara_E1-00040003
StaticMeshActor	JF-Buildings.JF-LargeBuilding_Column	100.543	-12.440	-62.720	-5.6	Dakara_E1-ffff0001
StaticMeshActor	JF-Buildings.JF-LargeBuilding_Column	101.633	-12.440	-73.787	-5.6	Dakara_E1-ffff0001
StaticMeshActor	JF-Buildings.JF-LargeBuilding_Column	111.252	-12.440	-61.666	-5.6	Dakara_E1-ffff0001
StaticMeshActor	JF-Buildings.JF-LargeBuilding_Column	112.341	-12.440	-72.732	-5.6	Dakara_E1-ffff0001
StaticMeshActor	JF-Buildings.JF-LargeBuilding_Column	122.325	-14.000	-60.657	-5.6	Dakara_E1-ffff0001
StaticMeshActor	JF-Buildings.JF-LargeBuilding_Column	123.478	-13.940	-71.443	-5.6	Dakara_E1-ffff0001
StaticMeshActor	JF-Buildings.JF-LargeBuilding_Column	136.029	-13.970	-59.296	-5.6	Dakara_E1-ffff0001
StaticMeshActor	JF-Buildings.JF-LargeBuilding_Column	137.121	-13.980	-70.062	-5.6	Dakara_E1-ffff0001
StaticMeshActor	JF-Buildings.JF-LargeBuilding_Column	147.158	-12.440	-58.129	-5.6	Dakara_E1-ffff0001
StaticMeshActor	JF-Buildings.JF-LargeBuilding_Column	148.248	-12.440	-69.196	-5.6	Dakara_E1-ffff0001
StaticMeshActor	JF-Buildings.JF-LargeBuilding_Column	157.826	-12.440	-57.078	-5.6	Dakara_E1-ffff0001
StaticMeshActor	JF-Buildings.JF-LargeBuilding_Column	158.916	-12.440	-68.145	-5.6	Dakara_E1-ffff0001
StaticMeshActor	JF-Buildings.JF-LargeBuilding_FrontEnt00	-75.898	-17.380	368.655	84.4	Dakara_E1-0003ffff
StaticMeshActor	JF-Buildings.JF-LargeBuilding_FrontEnt00	0.074	-17.380	376.137	84.4	Dakara_E1-00030000
StaticMeshActor	JF-Buildings.JF-LargeBuilding_FrontEnt00	20.402	-7.680	585.118	84.4	Dakara_E1-00050000
StaticMeshActor	JF-Buildings.JF-LargeBuilding_FrontEnt00	86.960	-7.680	591.673	84.4	Dakara_E1-00050000
StaticMeshActor	JF-Buildings.JF-LargeBuilding_FrontEnt00	149.192	2.880	-255.621	-95.6	Dakara_E1-fffd0001
StaticMeshActor	JF-Buildings.JF-LargeBuilding_FrontEnt00	155.701	-17.380	391.300	84.4	Dakara_E1-00030001
StaticMeshActor	JF-Buildings.JF-LargeBuilding_FrontEnt00	231.674	-17.380	398.782	84.4	Dakara_E1-00030002
StaticMeshActor	JF-Buildings.JF-LargeBuilding_MainHall00	55.971	-9.280	568.379	84.4	Dakara_E1-00050000
StaticMeshActor	JF-Buildings.JF-LargeBuilding_SideEnt00	-387.070	-4.839	456.711	489.4	Dakara_E1-0004fffc
StaticMeshActor	JF-Buildings.JF-LargeBuilding_SideEnt00	-386.782	-4.839	428.799	399.4	Dakara_E1-0004fffc
StaticMeshActor	JF-Buildings.JF-LargeBuilding_SideEnt00	-369.401	-4.839	478.242	489.4	Dakara_E1-0004fffc
StaticMeshActor	JF-Buildings.JF-LargeBuilding_SideEnt00	-365.252	-4.839	411.130	399.4	Dakara_E1-0004fffc
StaticMeshActor	JF-Buildings.JF-LargeBuilding_SideEnt00	-341.966	-4.839	483.409	579.4	Dakara_E1-0004fffc
StaticMeshActor	JF-Buildings.JF-LargeBuilding_SideEnt00	-320.435	-4.839	465.740	579.4	Dakara_E1-0004fffc
StaticMeshActor	JF-Buildings.JF-LargeBuilding_Small-Stairs_01	157.065	-2.402	-502.517	534.4	Dakara_E1-fffa0001
StaticMeshActor	JF-Buildings.JF-LargeBuilding_Small-Stairs_01	165.224	-2.402	-492.308	264.4	Dakara_E1-fffb0001
StaticMeshActor	JF-Buildings.JF-LargeBuilding_Small-Stairs_01	178.440	-2.402	-491.007	264.4	Dakara_E1-fffb0001
StaticMeshActor	JF-Buildings.JF-LargeBuilding_Small-Stairs_01	188.433	-2.402	-499.428	354.4	Dakara_E1-fffb0001
StaticMeshActor	JF-Buildings.JF-MedBuilding01	-181.071	-21.700	172.752	388.1	Dakara_E1-0001fffe
StaticMeshActor	JF-Buildings.JF-MedBuilding01	-85.244	-20.820	330.734	298.1	Dakara_E1-0003ffff
StaticMeshActor	JF-Buildings.JF-MedBuilding01	246.744	-20.820	365.398	-129.4	Dakara_E1-00030002
StaticMeshActor	JF-Buildings.JF-MedBuilding02	-195.445	-20.020	70.395	-275.6	Dakara_E1-0000fffe
StaticMeshActor	JF-Buildings.JF-MedBuilding02	-180.370	-17.129	231.158	-241.9	Dakara_E1-0002fffe
StaticMeshActor	JF-Buildings.JF-MedBuilding02	-142.440	-17.100	302.479	-151.9	Dakara_E1-0003fffe
StaticMeshActor	JF-Buildings.JF-MedBuilding02	-138.115	-17.460	89.706	-185.6	Dakara_E1-0000fffe
StaticMeshActor	JF-Buildings.JF-MedBuilding02	-130.028	-17.489	9.331	-275.6	Dakara_E1-0000fffe
StaticMeshActor	JF-Buildings.JF-MedBuilding02	-66.076	-6.460	416.354	534.4	Dakara_E1-0004ffff
StaticMeshActor	JF-Buildings.JF-MedBuilding02	-64.323	-6.460	400.389	444.4	Dakara_E1-0004ffff
StaticMeshActor	JF-Buildings.JF-MedBuilding02	-15.899	-6.460	421.296	-5.6	Dakara_E1-0004ffff
StaticMeshActor	JF-Buildings.JF-MedBuilding02	-14.504	-6.460	405.296	84.4	Dakara_E1-0004ffff
StaticMeshActor	JF-Buildings.JF-MedBuilding02	14.333	-20.200	397.827	264.4	Dakara_E1-00030000
StaticMeshActor	JF-Buildings.JF-MedBuilding02	33.105	-17.249	425.591	-185.6	Dakara_E1-00040000
StaticMeshActor	JF-Buildings.JF-MedBuilding02	39.973	-11.840	450.108	174.4	Dakara_E1-00040000
StaticMeshActor	JF-Buildings.JF-MedBuilding02	101.813	-11.840	456.199	-5.6	Dakara_E1-00040001
StaticMeshActor	JF-Buildings.JF-MedBuilding02	113.479	-17.220	433.678	-95.6	Dakara_E1-00040001
StaticMeshActor	JF-Buildings.JF-MedBuilding02	137.485	-20.200	409.791	-95.6	Dakara_E1-00040001
StaticMeshActor	JF-Buildings.JF-MedBuilding02	162.558	-6.460	438.707	174.4	Dakara_E1-00040001
StaticMeshActor	JF-Buildings.JF-MedBuilding02	164.311	-6.460	422.742	84.4	Dakara_E1-00040001
StaticMeshActor	JF-Buildings.JF-MedBuilding02	212.735	-6.460	443.649	-5.6	Dakara_E1-00040002
StaticMeshActor	JF-Buildings.JF-MedBuilding02	214.130	-6.460	427.649	84.4	Dakara_E1-00040002
StaticMeshActor	JF-Buildings.JF-MedBuilding02	310.818	-16.809	351.428	-129.4	Dakara_E1-00030003
StaticMeshActor	JF-Buildings.JF-MedBuilding02	348.141	-17.349	142.030	-95.6	Dakara_E1-00010003
StaticMeshActor	JF-Buildings.JF-MedBuilding02	356.227	-17.320	61.656	-5.6	Dakara_E1-00000003
StaticMeshActor	JF-Buildings.JF-MedBuilding02	362.195	-16.780	289.092	-39.4	Dakara_E1-00020003
StaticMeshActor	JF-Buildings.JF-MedBuilding03	-200.142	-20.020	88.904	-95.6	Dakara_E1-0000fffd
StaticMeshActor	JF-Buildings.JF-MedBuilding03	-176.777	-20.020	69.621	-185.6	Dakara_E1-0000fffe
StaticMeshActor	JF-Buildings.JF-MedBuilding03	-173.946	-17.131	249.222	-61.9	Dakara_E1-0002fffe
StaticMeshActor	JF-Buildings.JF-MedBuilding03	-170.354	-21.700	187.796	298.1	Dakara_E1-0001fffe
StaticMeshActor	JF-Buildings.JF-MedBuilding03	-165.212	-17.134	220.017	-151.9	Dakara_E1-0002fffe
StaticMeshActor	JF-Buildings.JF-MedBuilding03	-160.715	-20.020	71.203	-185.6	Dakara_E1-0000fffe
StaticMeshActor	JF-Buildings.JF-MedBuilding03	-153.581	-17.120	287.321	-61.9	Dakara_E1-0002fffe
StaticMeshActor	JF-Buildings.JF-MedBuilding03	-150.960	-17.134	212.399	-151.9	Dakara_E1-0002fffe
StaticMeshActor	JF-Buildings.JF-MedBuilding03	-138.957	-17.480	70.913	-95.6	Dakara_E1-0000fffe
StaticMeshActor	JF-Buildings.JF-MedBuilding03	-134.722	-17.491	27.921	-95.6	Dakara_E1-0000fffe
StaticMeshActor	JF-Buildings.JF-MedBuilding03	-124.371	-17.100	296.064	28.1	Dakara_E1-0002fffe
StaticMeshActor	JF-Buildings.JF-MedBuilding03	-119.527	-17.460	94.410	-5.6	Dakara_E1-0000fffe
StaticMeshActor	JF-Buildings.JF-MedBuilding03	-111.235	-17.494	8.489	-185.6	Dakara_E1-0000fffe
StaticMeshActor	JF-Buildings.JF-MedBuilding03	-110.119	-17.100	288.446	28.1	Dakara_E1-0002fffe
StaticMeshActor	JF-Buildings.JF-MedBuilding03	-107.394	-7.948	-16.209	-275.6	Dakara_E1-fffffffe
StaticMeshActor	JF-Buildings.JF-MedBuilding03	-105.812	-7.948	-32.271	-275.6	Dakara_E1-fffffffe
StaticMeshActor	JF-Buildings.JF-MedBuilding03	-103.444	-17.460	95.994	-5.6	Dakara_E1-0000fffe
StaticMeshActor	JF-Buildings.JF-MedBuilding03	-100.288	-20.820	341.451	208.1	Dakara_E1-0003fffe
StaticMeshActor	JF-Buildings.JF-MedBuilding03	-95.153	-17.494	10.073	-185.6	Dakara_E1-0000ffff
StaticMeshActor	JF-Buildings.JF-MedBuilding03	-91.747	-20.820	313.391	298.1	Dakara_E1-0003ffff
StaticMeshActor	JF-Buildings.JF-MedBuilding03	-91.293	-19.408	-13.572	-95.6	Dakara_E1-ffffffff
StaticMeshActor	JF-Buildings.JF-MedBuilding03	-89.711	-19.408	-29.635	-95.6	Dakara_E1-ffffffff
StaticMeshActor	JF-Buildings.JF-MedBuilding03	-75.930	-20.200	391.528	354.4	Dakara_E1-0003ffff
StaticMeshActor	JF-Buildings.JF-MedBuilding03	-59.908	-20.200	393.106	354.4	Dakara_E1-0003ffff
StaticMeshActor	JF-Buildings.JF-MedBuilding03	-46.135	-19.408	-64.592	-185.6	Dakara_E1-ffffffff
StaticMeshActor	JF-Buildings.JF-MedBuilding03	-30.092	-19.408	-63.012	-185.6	Dakara_E1-ffffffff
StaticMeshActor	JF-Buildings.JF-MedBuilding03	-20.522	-20.200	397.088	354.4	Dakara_E1-0003ffff
StaticMeshActor	JF-Buildings.JF-MedBuilding03	-4.460	-20.200	398.670	354.4	Dakara_E1-0003ffff
StaticMeshActor	JF-Buildings.JF-MedBuilding03	17.517	-21.920	176.231	180.0	Dakara_E1-00010000
StaticMeshActor	JF-Buildings.JF-MedBuilding03	19.037	-20.200	379.239	444.4	Dakara_E1-00030000
StaticMeshActor	JF-Buildings.JF-MedBuilding03	20.617	-20.200	363.196	444.4	Dakara_E1-00030000
StaticMeshActor	JF-Buildings.JF-MedBuilding03	32.263	-17.254	406.798	-95.6	Dakara_E1-00040000
StaticMeshActor	JF-Buildings.JF-MedBuilding03	33.847	-17.254	390.715	-95.6	Dakara_E1-00030000
StaticMeshActor	JF-Buildings.JF-MedBuilding03	35.481	-11.840	468.366	84.4	Dakara_E1-00040000
StaticMeshActor	JF-Buildings.JF-MedBuilding03	67.603	-21.880	65.782	199.7	Dakara_E1-00000000
StaticMeshActor	JF-Buildings.JF-MedBuilding03	80.015	-21.880	100.468	19.7	Dakara_E1-00010000
StaticMeshActor	JF-Buildings.JF-MedBuilding03	102.656	-11.840	474.982	84.4	Dakara_E1-00040001
StaticMeshActor	JF-Buildings.JF-MedBuilding03	118.184	-17.220	415.089	84.4	Dakara_E1-00040001
StaticMeshActor	JF-Buildings.JF-MedBuilding03	119.768	-17.220	399.007	84.4	Dakara_E1-00030001
StaticMeshActor	JF-Buildings.JF-MedBuilding03	136.497	-20.200	390.642	84.4	Dakara_E1-00030001
StaticMeshActor	JF-Buildings.JF-MedBuilding03	138.077	-20.200	374.600	84.4	Dakara_E1-00030001
StaticMeshActor	JF-Buildings.JF-MedBuilding03	140.275	-21.700	109.868	-28.1	Dakara_E1-00010001
StaticMeshActor	JF-Buildings.JF-MedBuilding03	155.753	-20.200	414.284	174.4	Dakara_E1-00040001
StaticMeshActor	JF-Buildings.JF-MedBuilding03	157.641	-21.700	77.378	151.9	Dakara_E1-00000001
StaticMeshActor	JF-Buildings.JF-MedBuilding03	171.815	-20.200	415.866	174.4	Dakara_E1-00040001
StaticMeshActor	JF-Buildings.JF-MedBuilding03	185.125	-21.820	192.843	-5.6	Dakara_E1-00010001
StaticMeshActor	JF-Buildings.JF-MedBuilding03	211.220	-20.200	419.645	174.4	Dakara_E1-00040002
StaticMeshActor	JF-Buildings.JF-MedBuilding03	227.243	-20.200	421.223	174.4	Dakara_E1-00040002
StaticMeshActor	JF-Buildings.JF-MedBuilding03	256.505	-20.820	349.657	-129.4	Dakara_E1-00030002
StaticMeshActor	JF-Buildings.JF-MedBuilding03	259.408	-20.820	378.844	-39.4	Dakara_E1-00030002
StaticMeshActor	JF-Buildings.JF-MedBuilding03	282.232	-16.814	331.435	-39.4	Dakara_E1-00030002
StaticMeshActor	JF-Buildings.JF-MedBuilding03	294.724	-16.814	341.687	-39.4	Dakara_E1-00030002
StaticMeshActor	JF-Buildings.JF-MedBuilding03	313.265	-17.354	141.288	-5.6	Dakara_E1-00010003
StaticMeshActor	JF-Buildings.JF-MedBuilding03	321.557	-17.320	55.367	174.4	Dakara_E1-00000003
StaticMeshActor	JF-Buildings.JF-MedBuilding03	329.348	-17.354	142.872	-5.6	Dakara_E1-00010003
StaticMeshActor	JF-Buildings.JF-MedBuilding03	336.862	-16.780	264.601	140.6	Dakara_E1-00020003
StaticMeshActor	JF-Buildings.JF-MedBuilding03	337.639	-17.320	56.951	174.4	Dakara_E1-00000003
StaticMeshActor	JF-Buildings.JF-MedBuilding03	349.354	-16.780	274.853	140.6	Dakara_E1-00020003
StaticMeshActor	JF-Buildings.JF-MedBuilding03	352.835	-17.351	123.441	84.4	Dakara_E1-00010003
StaticMeshActor	JF-Buildings.JF-MedBuilding03	357.070	-17.340	80.449	84.4	Dakara_E1-00000003
StaticMeshActor	JF-Buildings.JF-MedBuilding04	-243.507	-10.480	187.103	-455.6	Dakara_E1-0001fffd
StaticMeshActor	JF-Buildings.JF-MedBuilding04	-231.499	-10.880	76.913	-365.6	Dakara_E1-0000fffd
StaticMeshActor	JF-Buildings.JF-MedBuilding04	-121.050	-7.733	522.181	-95.6	Dakara_E1-0005fffe
StaticMeshActor	JF-Buildings.JF-MedBuilding04	-117.749	-15.353	212.208	28.1	Dakara_E1-0002fffe
StaticMeshActor	JF-Buildings.JF-MedBuilding04	-115.604	-7.733	466.890	84.4	Dakara_E1-0004fffe
StaticMeshActor	JF-Buildings.JF-MedBuilding04	-92.527	-11.260	573.779	-275.6	Dakara_E1-0005ffff
StaticMeshActor	JF-Buildings.JF-MedBuilding04	-91.678	-15.353	260.983	28.1	Dakara_E1-0002ffff
StaticMeshActor	JF-Buildings.JF-MedBuilding04	-72.854	-15.713	83.405	-5.6	Dakara_E1-0000ffff
StaticMeshActor	JF-Buildings.JF-MedBuilding04	-67.433	-15.713	28.366	-5.6	Dakara_E1-0000ffff
StaticMeshActor	JF-Buildings.JF-MedBuilding04	-30.847	-9.180	670.585	-185.6	Dakara_E1-0006ffff
StaticMeshActor	JF-Buildings.JF-MedBuilding04	-12.797	-18.180	303.904	-135.0	Dakara_E1-0003ffff
StaticMeshActor	JF-Buildings.JF-MedBuilding04	6.821	-12.413	-49.680	264.4	Dakara_E1-ffff0000
StaticMeshActor	JF-Buildings.JF-MedBuilding04	11.667	-18.160	119.938	-275.6	Dakara_E1-00010000
StaticMeshActor	JF-Buildings.JF-MedBuilding04	12.267	-12.413	-104.971	444.4	Dakara_E1-fffe0000
StaticMeshActor	JF-Buildings.JF-MedBuilding04	34.198	-20.093	11.414	748.1	Dakara_E1-00000000
StaticMeshActor	JF-Buildings.JF-MedBuilding04	52.645	-15.473	357.860	84.4	Dakara_E1-00030000
StaticMeshActor	JF-Buildings.JF-MedBuilding04	98.170	-20.093	-35.529	804.4	Dakara_E1-ffff0000
StaticMeshActor	JF-Buildings.JF-MedBuilding04	107.684	-15.473	363.281	84.4	Dakara_E1-00030001
StaticMeshActor	JF-Buildings.JF-MedBuilding04	115.073	-9.200	686.402	-95.6	Dakara_E1-00060001
StaticMeshActor	JF-Buildings.JF-MedBuilding04	155.009	-20.093	-29.912	84.4	Dakara_E1-ffff0001
StaticMeshActor	JF-Buildings.JF-MedBuilding04	188.471	-18.160	323.873	-146.2	Dakara_E1-00030001
StaticMeshActor	JF-Buildings.JF-MedBuilding04	200.602	-17.620	141.107	-5.6	Dakara_E1-00010002
StaticMeshActor	JF-Buildings.JF-MedBuilding04	202.692	-10.960	607.319	-5.6	Dakara_E1-00060002
StaticMeshActor	JF-Buildings.JF-MedBuilding04	212.209	-20.093	29.448	140.6	Dakara_E1-00000002
StaticMeshActor	JF-Buildings.JF-MedBuilding04	237.932	-7.733	558.523	264.4	Dakara_E1-00050002
StaticMeshActor	JF-Buildings.JF-MedBuilding04	243.378	-7.733	503.232	84.4	Dakara_E1-00050002
StaticMeshActor	JF-Buildings.JF-MedBuilding04	247.389	-12.413	-26.172	624.4	Dakara_E1-ffff0002
StaticMeshActor	JF-Buildings.JF-MedBuilding04	252.835	-12.413	-81.464	444.4	Dakara_E1-ffff0002
StaticMeshActor	JF-Buildings.JF-MedBuilding04	269.347	-15.033	300.825	140.6	Dakara_E1-00030002
StaticMeshActor	JF-Buildings.JF-MedBuilding04	290.966	-15.573	67.957	174.4	Dakara_E1-00000002
StaticMeshActor	JF-Buildings.JF-MedBuilding04	304.432	-15.033	258.073	140.6	Dakara_E1-00020003
StaticMeshActor	JF-Buildings.JF-MedBuilding04	431.709	-9.120	264.959	174.4	Dakara_E1-00020004
StaticMeshActor	JF-Buildings.JF-MedBuilding04	445.261	-10.240	153.849	84.4	Dakara_E1-00010004
StaticMeshActor	JF-Buildings.JF-MedBuilding05	-169.616	-20.258	81.028	-185.6	Dakara_E1-0000fffe
StaticMeshActor	JF-Buildings.JF-MedBuilding05	-166.360	-17.179	262.351	-151.9	Dakara_E1-0002fffe
StaticMeshActor	JF-Buildings.JF-MedBuilding05	-165.870	-21.963	174.668	-61.9	Dakara_E1-0001fffe
StaticMeshActor	JF-Buildings.JF-MedBuilding05	-160.369	-17.189	273.793	-331.9	Dakara_E1-0002fffe
StaticMeshActor	JF-Buildings.JF-MedBuilding05	-137.473	-17.189	205.577	-421.9	Dakara_E1-0002fffe
StaticMeshActor	JF-Buildings.JF-MedBuilding05	-137.085	-17.549	55.893	-365.6	Dakara_E1-0000fffe
StaticMeshActor	JF-Buildings.JF-MedBuilding05	-135.709	-17.539	43.051	-185.6	Dakara_E1-0000fffe
StaticMeshActor	JF-Buildings.JF-MedBuilding05	-97.001	-17.149	280.892	-421.9	Dakara_E1-0002ffff
StaticMeshActor	JF-Buildings.JF-MedBuilding05	-88.340	-17.509	97.001	-455.6	Dakara_E1-0000ffff
StaticMeshActor	JF-Buildings.JF-MedBuilding05	-80.149	-17.549	11.894	-455.6	Dakara_E1-0000ffff
StaticMeshActor	JF-Buildings.JF-MedBuilding05	35.668	-17.309	375.711	-365.6	Dakara_E1-00030000
StaticMeshActor	JF-Buildings.JF-MedBuilding05	83.543	-21.780	109.934	-160.3	Dakara_E1-00010000
StaticMeshActor	JF-Buildings.JF-MedBuilding05	120.774	-17.269	383.903	-365.6	Dakara_E1-00030001
StaticMeshActor	JF-Buildings.JF-MedBuilding05	135.630	-21.600	118.839	-208.1	Dakara_E1-00010001
StaticMeshActor	JF-Buildings.JF-MedBuilding05	146.682	10.590	-234.698	-185.6	Dakara_E1-fffd0001
StaticMeshActor	JF-Buildings.JF-MedBuilding05	270.768	-16.869	321.585	-309.4	Dakara_E1-00030002
StaticMeshActor	JF-Buildings.JF-MedBuilding05	298.261	-17.409	139.468	-275.6	Dakara_E1-00010002
StaticMeshActor	JF-Buildings.JF-MedBuilding05	306.453	-17.369	54.361	-275.6	Dakara_E1-00000003
StaticMeshActor	JF-Buildings.JF-MedBuilding05	324.049	-16.859	339.008	-39.4	Dakara_E1-00030003
StaticMeshActor	JF-Buildings.JF-MedBuilding05	324.862	-16.829	255.372	-309.4	Dakara_E1-00020003
StaticMeshActor	JF-Buildings.JF-MedBuilding05	352.799	-16.869	304.149	-219.4	Dakara_E1-00030003
StaticMeshActor	JF-Buildings.JF-MedBuilding05	353.822	-17.399	108.310	-5.6	Dakara_E1-00010003
StaticMeshActor	JF-Buildings.JF-MedBuilding05	355.197	-17.409	95.468	-185.6	Dakara_E1-00000003
StaticMeshActor	JF-Buildings.JF-MedBuilding06	-201.253	-20.020	100.189	-95.6	Dakara_E1-0001fffd
StaticMeshActor	JF-Buildings.JF-MedBuilding06	-194.206	-21.710	177.010	208.1	Dakara_E1-0001fffe
StaticMeshActor	JF-Buildings.JF-MedBuilding06	-168.579	-17.139	259.241	-61.9	Dakara_E1-0002fffe
StaticMeshActor	JF-Buildings.JF-MedBuilding06	-164.989	-21.700	197.833	298.1	Dakara_E1-0001fffe
StaticMeshActor	JF-Buildings.JF-MedBuilding06	-158.939	-17.139	277.276	-61.9	Dakara_E1-0002fffe
StaticMeshActor	JF-Buildings.JF-MedBuilding06	-149.373	-20.020	72.322	-5.6	Dakara_E1-0000fffe
StaticMeshActor	JF-Buildings.JF-MedBuilding06	-140.967	-17.139	207.064	-151.9	Dakara_E1-0002fffe
StaticMeshActor	JF-Buildings.JF-MedBuilding06	-137.831	-17.499	59.584	-95.6	Dakara_E1-0000fffe
StaticMeshActor	JF-Buildings.JF-MedBuilding06	-135.827	-17.499	39.232	-95.6	Dakara_E1-0000fffe
StaticMeshActor	JF-Buildings.JF-MedBuilding06	-110.324	-20.820	346.815	208.1	Dakara_E1-0003fffe
StaticMeshActor	JF-Buildings.JF-MedBuilding06	-100.087	-17.099	283.081	28.1	Dakara_E1-0002fffe
StaticMeshActor	JF-Buildings.JF-MedBuilding06	-97.121	-20.820	303.337	118.1	Dakara_E1-0003ffff
StaticMeshActor	JF-Buildings.JF-MedBuilding06	-92.406	-19.408	-2.267	-95.6	Dakara_E1-ffffffff
StaticMeshActor	JF-Buildings.JF-MedBuilding06	-92.122	-17.459	97.106	-5.6	Dakara_E1-0000ffff
StaticMeshActor	JF-Buildings.JF-MedBuilding06	-88.592	-19.408	-40.960	-275.6	Dakara_E1-ffffffff
StaticMeshActor	JF-Buildings.JF-MedBuilding06	-87.256	-20.200	390.413	-185.6	Dakara_E1-0003ffff
StaticMeshActor	JF-Buildings.JF-MedBuilding06	-83.880	-17.499	11.189	-185.6	Dakara_E1-0000ffff
StaticMeshActor	JF-Buildings.JF-MedBuilding06	-57.458	-19.408	-65.727	-185.6	Dakara_E1-ffffffff
StaticMeshActor	JF-Buildings.JF-MedBuilding06	-55.697	-6.460	419.527	-5.6	Dakara_E1-0004ffff
StaticMeshActor	JF-Buildings.JF-MedBuilding06	-53.797	-6.460	399.416	-5.6	Dakara_E1-0003ffff
StaticMeshActor	JF-Buildings.JF-MedBuilding06	-48.603	-20.200	394.220	354.4	Dakara_E1-0003ffff
StaticMeshActor	JF-Buildings.JF-MedBuilding06	-31.868	-20.200	395.970	-185.6	Dakara_E1-0003ffff
StaticMeshActor	JF-Buildings.JF-MedBuilding06	-26.698	-6.460	422.383	-185.6	Dakara_E1-0004ffff
StaticMeshActor	JF-Buildings.JF-MedBuilding06	-24.638	-6.460	402.288	-185.6	Dakara_E1-0004ffff
StaticMeshActor	JF-Buildings.JF-MedBuilding06	-18.767	-19.408	-61.896	-5.6	Dakara_E1-ffffffff
StaticMeshActor	JF-Buildings.JF-MedBuilding06	6.137	-21.920	176.231	180.0	Dakara_E1-00010000
StaticMeshActor	JF-Buildings.JF-MedBuilding06	21.733	-20.200	351.871	444.4	Dakara_E1-00030000
StaticMeshActor	JF-Buildings.JF-MedBuilding06	28.897	-21.920	176.231	360.0	Dakara_E1-00010000
StaticMeshActor	JF-Buildings.JF-MedBuilding06	34.365	-11.840	479.701	-95.6	Dakara_E1-00040000
StaticMeshActor	JF-Buildings.JF-MedBuilding06	34.963	-17.259	379.443	-95.6	Dakara_E1-00030000
StaticMeshActor	JF-Buildings.JF-MedBuilding06	46.924	-17.259	429.805	-5.6	Dakara_E1-00040000
StaticMeshActor	JF-Buildings.JF-MedBuilding06	54.385	-11.840	448.654	-5.6	Dakara_E1-00040000
StaticMeshActor	JF-Buildings.JF-MedBuilding06	56.889	-21.880	69.615	199.7	Dakara_E1-00000000
StaticMeshActor	JF-Buildings.JF-MedBuilding06	69.300	-21.880	104.302	199.7	Dakara_E1-00010000
StaticMeshActor	JF-Buildings.JF-MedBuilding06	78.318	-21.880	61.948	379.7	Dakara_E1-00000000
StaticMeshActor	JF-Buildings.JF-MedBuilding06	87.962	-11.840	451.961	-185.6	Dakara_E1-00040000
StaticMeshActor	JF-Buildings.JF-MedBuilding06	90.729	-21.880	96.634	19.7	Dakara_E1-00000000
StaticMeshActor	JF-Buildings.JF-MedBuilding06	99.440	-17.219	434.977	-5.6	Dakara_E1-00040000
StaticMeshActor	JF-Buildings.JF-MedBuilding06	101.540	-11.840	486.317	264.4	Dakara_E1-00040001
StaticMeshActor	JF-Buildings.JF-MedBuilding06	120.880	-17.219	387.685	84.4	Dakara_E1-00030001
StaticMeshActor	JF-Buildings.JF-MedBuilding06	130.238	-21.700	104.504	151.9	Dakara_E1-00010001
StaticMeshActor	JF-Buildings.JF-MedBuilding06	139.193	-20.200	363.275	84.4	Dakara_E1-00030001
StaticMeshActor	JF-Buildings.JF-MedBuilding06	147.604	-21.700	72.014	151.9	Dakara_E1-00000001
StaticMeshActor	JF-Buildings.JF-MedBuilding06	150.311	-21.700	115.233	-28.1	Dakara_E1-00010001
StaticMeshActor	JF-Buildings.JF-MedBuilding06	167.677	-21.700	82.743	331.9	Dakara_E1-00000001
StaticMeshActor	JF-Buildings.JF-MedBuilding06	172.937	-6.460	441.880	-5.6	Dakara_E1-00040001
StaticMeshActor	JF-Buildings.JF-MedBuilding06	173.800	-21.820	191.728	174.4	Dakara_E1-00010001
StaticMeshActor	JF-Buildings.JF-MedBuilding06	174.837	-6.460	421.769	-5.6	Dakara_E1-00040001
StaticMeshActor	JF-Buildings.JF-MedBuilding06	183.160	-20.200	416.983	-5.6	Dakara_E1-00040001
StaticMeshActor	JF-Buildings.JF-MedBuilding06	196.450	-21.820	193.959	-5.6	Dakara_E1-00010001
StaticMeshActor	JF-Buildings.JF-MedBuilding06	199.915	-20.200	418.531	174.4	Dakara_E1-00040001
StaticMeshActor	JF-Buildings.JF-MedBuilding06	201.936	-6.460	444.736	174.4	Dakara_E1-00040002
StaticMeshActor	JF-Buildings.JF-MedBuilding06	203.996	-6.460	424.641	174.4	Dakara_E1-00040002
StaticMeshActor	JF-Buildings.JF-MedBuilding06	238.568	-20.200	422.338	-5.6	Dakara_E1-00040002
StaticMeshActor	JF-Buildings.JF-MedBuilding06	263.737	-20.820	340.845	50.6	Dakara_E1-00030002
StaticMeshActor	JF-Buildings.JF-MedBuilding06	268.205	-20.820	386.063	-39.4	Dakara_E1-00030002
StaticMeshActor	JF-Buildings.JF-MedBuilding06	273.480	-16.819	324.245	-39.4	Dakara_E1-00030002
StaticMeshActor	JF-Buildings.JF-MedBuilding06	301.993	-17.359	140.172	-5.6	Dakara_E1-00010003
StaticMeshActor	JF-Buildings.JF-MedBuilding06	310.235	-17.319	54.255	174.4	Dakara_E1-00000003
StaticMeshActor	JF-Buildings.JF-MedBuilding06	322.025	-16.819	342.248	50.6	Dakara_E1-00030003
StaticMeshActor	JF-Buildings.JF-MedBuilding06	328.065	-16.779	257.386	140.6	Dakara_E1-00020003
StaticMeshActor	JF-Buildings.JF-MedBuilding06	353.939	-17.359	112.129	84.4	Dakara_E1-00010003
StaticMeshActor	JF-Buildings.JF-MedBuilding06	355.470	-16.819	301.495	50.6	Dakara_E1-00030003
StaticMeshActor	JF-Buildings.JF-MedBuilding06	355.944	-17.359	91.777	84.4	Dakara_E1-00000003
StaticMeshActor	JF-Buildings.JF-MedBuilding_ruined04	285.545	-15.703	123.002	174.4	Dakara_E1-00010002
StaticMeshActor	JF-Buildings.JF-MilitaryTent00	-276.679	-11.889	15.619	-205.3	Dakara_E1-0000fffd
StaticMeshActor	JF-Buildings.JF-MilitaryTent00	-261.924	-11.924	31.180	-115.3	Dakara_E1-0000fffd
StaticMeshActor	JF-Buildings.JF-MilitaryTent00	-260.348	-11.907	13.828	-337.5	Dakara_E1-0000fffd
StaticMeshActor	JF-Buildings.JF-MilitaryTent00	-259.680	-11.200	312.640	264.4	Dakara_E1-0003fffd
StaticMeshActor	JF-Buildings.JF-MilitaryTent00	-22.364	-21.605	177.750	-11.2	Dakara_E1-0001ffff
StaticMeshActor	JF-Buildings.JF-MilitaryTent00	-18.171	-21.327	205.889	5.6	Dakara_E1-0002ffff
StaticMeshActor	JF-Buildings.JF-MilitaryTent00	-7.865	-21.547	233.181	33.8	Dakara_E1-0002ffff
StaticMeshActor	JF-Buildings.JF-MilitaryTent00	30.258	-21.465	270.700	118.1	Dakara_E1-00020000
StaticMeshActor	JF-Buildings.JF-MilitaryTent00	49.534	-21.465	257.895	84.4	Dakara_E1-00020000
StaticMeshActor	JF-Buildings.JF-MilitaryTent00	56.729	-21.487	279.889	-16.9	Dakara_E1-00020000
StaticMeshActor	JF-Buildings.JF-MilitaryTent00	129.464	-21.465	292.929	168.8	Dakara_E1-00020001
StaticMeshActor	JF-Buildings.JF-MilitaryTent00	132.734	-21.465	270.768	78.8	Dakara_E1-00020001
StaticMeshActor	JF-Buildings.JF-MilitaryTent00	152.569	-21.197	282.129	39.4	Dakara_E1-00020001
StaticMeshActor	JF-Buildings.JF-MilitaryTent00	153.529	-40.917	281.649	39.4	Dakara_E1-00020001
StaticMeshActor	JF-Buildings.JF-MilitaryTent00	153.529	-40.917	281.649	163.1	Dakara_E1-00020001
StaticMeshActor	JF-Buildings.JF-MilitaryTent00	153.689	-55.637	281.809	39.4	Dakara_E1-00020001
StaticMeshActor	JF-Buildings.JF-MilitaryTent00	153.689	-55.957	281.809	163.1	Dakara_E1-00020001
StaticMeshActor	JF-Buildings.JF-MilitaryTent00	213.842	-21.465	229.146	140.6	Dakara_E1-00020002
StaticMeshActor	JF-Buildings.JF-MilitaryTent00	220.454	-21.197	199.633	208.1	Dakara_E1-00010002
StaticMeshActor	JF-Buildings.JF-MilitaryTent00	328.640	-16.640	329.600	84.4	Dakara_E1-00030003
StaticMeshActor	JF-Buildings.JF-MilitaryTent00	406.959	-11.069	572.471	118.1	Dakara_E1-00050004
StaticMeshActor	JF-Buildings.JF-MilitaryTent00	419.958	-11.052	584.073	-104.1	Dakara_E1-00050004
StaticMeshActor	JF-Buildings.JF-MilitaryTent00	428.247	-11.034	569.888	28.1	Dakara_E1-00050004
StaticMeshActor	JF-Buildings.JF-MilitaryTent00	461.498	-11.987	59.032	-253.1	Dakara_E1-00000004
StaticMeshActor	JF-Buildings.JF-MilitaryTent00	461.680	-11.969	75.460	-120.9	Dakara_E1-00000004
StaticMeshActor	JF-Buildings.JF-MilitaryTent00	478.611	-12.004	62.300	-30.9	Dakara_E1-00000004
StaticMeshActor	JF-Buildings.JF-MilitaryTent00	551.657	-7.184	280.560	129.4	Dakara_E1-00020005
StaticMeshActor	JF-Buildings.JF-MilitaryTent00	566.669	-7.167	289.403	-92.8	Dakara_E1-00020005
StaticMeshActor	JF-Buildings.JF-MilitaryTent00	572.032	-7.149	273.874	39.4	Dakara_E1-00020005
PrefabInstance	JF-Buildings.JF-MilitaryTent00_Pf0	-415.326	-11.945	258.420	81.6	Dakara_E1-0002fffb
PrefabInstance	JF-Buildings.JF-MilitaryTent00_Pf0	-280.353	-11.285	480.619	286.9	Dakara_E1-0004fffd
PrefabInstance	JF-Buildings.JF-MilitaryTent00_Pf0	606.762	-11.845	431.437	165.9	Dakara_E1-00040005
PrefabInstance	JF-Buildings.JF-MilitaryTent00_Pf0	606.762	-11.845	431.437	165.9	Dakara_E1-00040006
PrefabInstance	JF-Buildings.JF-MilitaryTent00_Pf1	-379.229	-11.985	187.909	216.6	Dakara_E1-0001fffc
PrefabInstance	JF-Buildings.JF-MilitaryTent00_Pf1	-226.126	-10.845	538.360	151.9	Dakara_E1-0005fffd
PrefabInstance	JF-Buildings.JF-MilitaryTent00_Pf1	570.487	-11.845	370.916	255.9	Dakara_E1-00030005
PrefabInstance	JF-Buildings.JF-MilitaryTent00_Pf2	-457.359	-11.945	201.745	-8.4	Dakara_E1-0002fffb
PrefabInstance	JF-Buildings.JF-MilitaryTent00_Pf2	-293.647	-10.845	558.803	61.9	Dakara_E1-0005fffd
PrefabInstance	JF-Buildings.JF-MilitaryTent00_Pf2	527.652	-11.885	437.548	390.9	Dakara_E1-00040005
StaticMeshActor	JF-Buildings.JF-SmallBuilding00	-181.993	-14.920	201.138	-61.9	Dakara_E1-0002fffe
StaticMeshActor	JF-Buildings.JF-SmallBuilding00	-114.351	-14.640	318.352	118.1	Dakara_E1-0003fffe
StaticMeshActor	JF-Buildings.JF-SmallBuilding00	-110.531	-10.818	495.527	-5.6	Dakara_E1-0004fffe
StaticMeshActor	JF-Buildings.JF-SmallBuilding00	232.859	-10.818	529.886	174.4	Dakara_E1-00050002
StaticMeshActor	JF-Buildings.JF-SmallBuilding00	277.707	-14.640	358.933	50.6	Dakara_E1-00030002
StaticMeshActor	JF-Buildings.JF-SmallBuilding01	-34.642	-15.000	-102.567	84.4	Dakara_E1-fffeffff
StaticMeshActor	JF-Buildings.JF-SmallBuilding01	13.322	-12.360	-76.994	354.4	Dakara_E1-ffff0000
StaticMeshActor	JF-Buildings.JF-SmallBuilding01	246.334	-12.360	-54.150	534.4	Dakara_E1-ffff0002
StaticMeshActor	JF-Buildings.JF-Temple00	-349.111	-5.000	443.347	39.4	Dakara_E1-0004fffc
StaticMeshActor	JF-Buildings.JF-Temple02	-165.429	-21.600	38.480	-5.6	Dakara_E1-0000fffe
StaticMeshActor	JF-Buildings.JF-Temple02	484.440	-8.560	457.728	-140.6	Dakara_E1-00040004
StaticMeshActor	JF-Buildings.JF-Tent00	-375.082	-11.932	209.598	216.6	Dakara_E1-0002fffc
StaticMeshActor	JF-Buildings.JF-Tent00	-280.000	-11.200	319.840	219.4	Dakara_E1-0003fffd
StaticMeshActor	JF-Buildings.JF-Tent00	-273.681	-11.200	328.108	309.4	Dakara_E1-0003fffd
StaticMeshActor	JF-Buildings.JF-Tent00	-272.332	-11.200	313.547	219.4	Dakara_E1-0003fffd
StaticMeshActor	JF-Buildings.JF-Tent00	-258.561	-10.805	536.959	286.9	Dakara_E1-0005fffd
StaticMeshActor	JF-Buildings.JF-Tent00	-258.556	-10.805	483.998	286.9	Dakara_E1-0004fffd
StaticMeshActor	JF-Buildings.JF-Tent00	-73.065	-9.280	539.708	-635.6	Dakara_E1-0005ffff
StaticMeshActor	JF-Buildings.JF-Tent00	-65.078	-9.280	458.655	-275.6	Dakara_E1-0004ffff
StaticMeshActor	JF-Buildings.JF-Tent00	-52.755	-9.314	543.335	84.4	Dakara_E1-0005ffff
StaticMeshActor	JF-Buildings.JF-Tent00	-51.212	-9.280	525.610	-545.6	Dakara_E1-0005ffff
StaticMeshActor	JF-Buildings.JF-Tent00	-45.735	-9.280	471.724	-455.6	Dakara_E1-0004ffff
StaticMeshActor	JF-Buildings.JF-Tent00	-44.433	-9.280	458.508	-455.6	Dakara_E1-0004ffff
StaticMeshActor	JF-Buildings.JF-Tent00	-35.852	-11.520	489.656	-275.6	Dakara_E1-0004ffff
StaticMeshActor	JF-Buildings.JF-Tent00	-32.794	-12.800	453.770	-275.6	Dakara_E1-0004ffff
StaticMeshActor	JF-Buildings.JF-Tent00	-27.299	-12.820	435.428	-365.6	Dakara_E1-0004ffff
StaticMeshActor	JF-Buildings.JF-Tent00	-22.475	-12.797	435.924	-275.6	Dakara_E1-0004ffff
StaticMeshActor	JF-Buildings.JF-Tent00	-9.228	-12.820	437.227	-95.6	Dakara_E1-0004ffff
StaticMeshActor	JF-Buildings.JF-Tent00	17.286	-9.280	532.716	-5.6	Dakara_E1-00050000
StaticMeshActor	JF-Buildings.JF-Tent00	20.602	-11.520	501.760	-5.6	Dakara_E1-00050000
StaticMeshActor	JF-Buildings.JF-Tent00	49.138	-11.520	503.606	-5.6	Dakara_E1-00050000
StaticMeshActor	JF-Buildings.JF-Tent00	74.699	-11.511	506.136	-185.6	Dakara_E1-00050000
StaticMeshActor	JF-Buildings.JF-Tent00	81.999	-20.805	48.928	6.5	Dakara_E1-00000000
StaticMeshActor	JF-Buildings.JF-Tent00	86.673	-7.680	594.194	-5.6	Dakara_E1-00050000
StaticMeshActor	JF-Buildings.JF-Tent00	102.113	-11.520	509.233	-185.6	Dakara_E1-00050001
StaticMeshActor	JF-Buildings.JF-Tent00	136.565	-11.553	451.482	-95.6	Dakara_E1-00040001
StaticMeshActor	JF-Buildings.JF-Tent00	146.964	-11.551	452.509	-275.6	Dakara_E1-00040001
StaticMeshActor	JF-Buildings.JF-Tent00	162.725	-11.520	503.079	-275.6	Dakara_E1-00050001
StaticMeshActor	JF-Buildings.JF-Tent00	166.872	-9.280	566.099	-275.6	Dakara_E1-00050001
StaticMeshActor	JF-Buildings.JF-Tent00	168.027	-9.280	553.662	-95.6	Dakara_E1-00050001
StaticMeshActor	JF-Buildings.JF-Tent00	173.573	-9.280	499.792	-365.6	Dakara_E1-00040001
StaticMeshActor	JF-Buildings.JF-Tent00	174.356	-20.576	-102.557	-275.6	Dakara_E1-fffe0001
StaticMeshActor	JF-Buildings.JF-Tent00	175.074	-9.280	482.053	-275.6	Dakara_E1-00040001
StaticMeshActor	JF-Buildings.JF-Tent00	179.984	-20.805	77.607	-47.0	Dakara_E1-00000001
StaticMeshActor	JF-Buildings.JF-Tent00	187.511	-9.280	566.590	84.4	Dakara_E1-00050001
StaticMeshActor	JF-Buildings.JF-Tent00	195.381	-9.276	485.703	-95.6	Dakara_E1-00040001
StaticMeshActor	JF-Buildings.JF-Tent00	345.420	-16.640	309.664	-219.4	Dakara_E1-00030003
StaticMeshActor	JF-Buildings.JF-Tent00_Awaning_00	-379.540	-11.972	213.054	216.6	Dakara_E1-0002fffc
StaticMeshActor	JF-Buildings.JF-Tent00_Awaning_00	-256.782	-10.805	542.271	286.9	Dakara_E1-0005fffd
StaticMeshActor	JF-Buildings.JF-Tent00_Awaning_00	-35.168	-11.520	484.136	84.4	Dakara_E1-0004ffff
StaticMeshActor	JF-Buildings.JF-Tent00_Awaning_00	-33.544	-12.800	459.343	-95.6	Dakara_E1-0004ffff
StaticMeshActor	JF-Buildings.JF-Tent00_Awaning_00	-23.225	-12.797	441.498	-95.6	Dakara_E1-0004ffff
StaticMeshActor	JF-Buildings.JF-Tent00_Awaning_00	14.989	-11.520	501.408	174.4	Dakara_E1-00050000
StaticMeshActor	JF-Buildings.JF-Tent00_Awaning_00	43.526	-11.520	503.254	174.4	Dakara_E1-00050000
StaticMeshActor	JF-Buildings.JF-Tent00_Awaning_00	80.272	-11.511	506.886	-5.6	Dakara_E1-00050000
StaticMeshActor	JF-Buildings.JF-Tent00_Awaning_00	162.373	-11.520	508.692	-95.6	Dakara_E1-00050001
StaticMeshActor	JF-Buildings.JF-Tent00_Awaning_00	265.841	-21.233	165.071	176.5	Dakara_E1-00010002
PrefabInstance	JF-Buildings.JF-Tent00_Awaning_00_Pf0	-429.336	-11.905	230.873	216.6	Dakara_E1-0002fffb
PrefabInstance	JF-Buildings.JF-Tent00_Awaning_00_Pf0	-396.915	-12.137	194.338	36.6	Dakara_E1-0001fffc
PrefabInstance	JF-Buildings.JF-Tent00_Awaning_00_Pf0	-396.864	-11.863	240.911	-53.4	Dakara_E1-0002fffc
PrefabInstance	JF-Buildings.JF-Tent00_Awaning_00_Pf0	-394.628	-12.217	174.641	36.6	Dakara_E1-0001fffc
PrefabInstance	JF-Buildings.JF-Tent00_Awaning_00_Pf0	-299.589	-10.870	527.151	64.7	Dakara_E1-0005fffd
PrefabInstance	JF-Buildings.JF-Tent00_Awaning_00_Pf0	-298.060	-10.889	490.603	106.9	Dakara_E1-0004fffd
PrefabInstance	JF-Buildings.JF-Tent00_Awaning_00_Pf0	401.731	-10.877	549.023	-151.9	Dakara_E1-00050004
PrefabInstance	JF-Buildings.JF-Tent00_Awaning_00_Pf0	442.754	-11.920	89.776	295.3	Dakara_E1-00000004
PrefabInstance	JF-Buildings.JF-Tent00_Awaning_00_Pf0	469.963	-11.721	93.991	8.4	Dakara_E1-00000004
PrefabInstance	JF-Buildings.JF-Tent00_Awaning_00_Pf0	530.224	-11.827	412.289	33.8	Dakara_E1-00040005
PrefabInstance	JF-Buildings.JF-Tent00_Awaning_00_Pf0	546.034	-11.917	433.254	213.8	Dakara_E1-00040005
PrefabInstance	JF-Buildings.JF-Tent00_Awaning_00_Pf0	550.788	-11.902	386.288	115.3	Dakara_E1-00030005
PrefabInstance	JF-Buildings.JF-Tent00_Awaning_00_Pf0	578.654	-11.868	411.523	205.3	Dakara_E1-00040005
PrefabInstance	JF-Buildings.JF-Tent00_Awaning_00_Pf0	581.820	-11.853	399.774	30.9	Dakara_E1-00030005
PrefabInstance	JF-Buildings.JF-Tent00_Pf0	-435.257	-11.907	185.013	-8.4	Dakara_E1-0001fffb
PrefabInstance	JF-Buildings.JF-Tent00_Pf0	-432.010	-11.900	221.898	-323.4	Dakara_E1-0002fffb
PrefabInstance	JF-Buildings.JF-Tent00_Pf0	-424.934	-11.905	227.408	216.6	Dakara_E1-0002fffb
PrefabInstance	JF-Buildings.JF-Tent00_Pf0	-401.385	-12.097	197.779	36.6	Dakara_E1-0001fffb
PrefabInstance	JF-Buildings.JF-Tent00_Pf0	-301.891	-10.830	532.301	64.7	Dakara_E1-0005fffc
PrefabInstance	JF-Buildings.JF-Tent00_Pf0	-296.308	-10.849	495.966	106.9	Dakara_E1-0004fffd
PrefabInstance	JF-Buildings.JF-Tent00_Pf0	-278.525	-10.840	504.822	-253.1	Dakara_E1-0005fffd
PrefabInstance	JF-Buildings.JF-Tent00_Pf0	-266.093	-10.850	541.864	104.1	Dakara_E1-0005fffd
PrefabInstance	JF-Buildings.JF-Tent00_Pf0	-241.770	-10.845	516.706	376.9	Dakara_E1-0005fffd
PrefabInstance	JF-Buildings.JF-Tent00_Pf0	271.478	-21.193	165.297	176.5	Dakara_E1-00010002
PrefabInstance	JF-Buildings.JF-Tent00_Pf0	320.473	-19.366	82.503	-185.6	Dakara_E1-00000003
PrefabInstance	JF-Buildings.JF-Tent00_Pf0	406.648	-10.837	546.258	-151.9	Dakara_E1-00050004
PrefabInstance	JF-Buildings.JF-Tent00_Pf0	440.234	-11.880	84.729	295.3	Dakara_E1-00000004
PrefabInstance	JF-Buildings.JF-Tent00_Pf0	464.401	-11.681	94.937	8.4	Dakara_E1-00000004
PrefabInstance	JF-Buildings.JF-Tent00_Pf0	525.601	-11.787	415.522	33.8	Dakara_E1-00040005
PrefabInstance	JF-Buildings.JF-Tent00_Pf0	546.488	-11.816	449.269	208.1	Dakara_E1-00040005
PrefabInstance	JF-Buildings.JF-Tent00_Pf0	550.657	-11.877	430.021	213.8	Dakara_E1-00040005
PrefabInstance	JF-Buildings.JF-Tent00_Pf0	553.308	-11.862	391.336	115.3	Dakara_E1-00030005
PrefabInstance	JF-Buildings.JF-Tent00_Pf0	577.044	-11.843	402.776	30.9	Dakara_E1-00030005
PrefabInstance	JF-Buildings.JF-Tent00_Pf0	583.134	-11.742	445.831	-194.1	Dakara_E1-00040005
PrefabInstance	JF-Buildings.JF-Tent00_Pf0	583.701	-11.828	409.003	205.3	Dakara_E1-00040005
StaticMeshActor	JF-Buildings.JF-Tent01	-313.443	-11.196	380.826	39.4	Dakara_E1-0003fffc
StaticMeshActor	JF-Buildings.JF-Tent01	-252.034	-11.200	332.413	399.4	Dakara_E1-0003fffd
StaticMeshActor	JF-Buildings.JF-Tent01_Awaning_01	453.451	-11.840	69.251	227.8	Dakara_E1-00000004
PrefabInstance	JF-Buildings.JF-Tent01_Awaning_01_Pf0	375.906	-9.080	447.910	39.4	Dakara_E1-00040003
StaticMeshActor	JF-Buildings.JF-Tent02	-191.786	-10.920	-39.895	-39.4	Dakara_E1-fffffffe
StaticMeshActor	JF-Buildings.JF-Tent02	341.144	-16.640	307.270	230.6	Dakara_E1-00030003
StaticMeshActor	JF-Buildings.JF-Tent02	348.565	-16.640	313.361	230.6	Dakara_E1-00030003
StaticMeshActor	JF-Buildings.JF-Tent02	437.403	-11.980	75.432	-64.7	Dakara_E1-00000004
StaticMeshActor	JF-Buildings.JF-Tent02	473.744	-11.980	76.575	109.7	Dakara_E1-00000004
StaticMeshActor	JF-Buildings.JF-Tent02	482.199	-11.980	91.485	16.9	Dakara_E1-00000004
PrefabInstance	JF-Buildings.JF-Tent02_Pf0	388.060	-11.108	582.166	-73.1	Dakara_E1-00050003
PrefabInstance	JF-Buildings.JF-Tent02_Pf0	395.705	-11.234	596.683	126.6	Dakara_E1-00050003
PrefabInstance	JF-Buildings.JF-Tent02_Pf0	432.973	-10.859	601.593	39.4	Dakara_E1-00060004
PrefabInstance	JF-Buildings.JF-Tent02_Pf0	544.006	-7.012	257.438	-64.7	Dakara_E1-00020005
PrefabInstance	JF-Buildings.JF-Tent02_Pf0	558.656	-7.134	252.188	171.6	Dakara_E1-00020005
PrefabInstance	JF-Buildings.JF-Tent02_Pf0	593.946	-7.179	273.499	109.7	Dakara_E1-00020005
StaticMeshActor	JF-Buildings.JF-Tent03	-183.444	-11.456	-40.965	140.1	Dakara_E1-fffffffe
StaticMeshActor	JF-Buildings.JF-Tent03	-176.550	-11.470	-35.202	53.2	Dakara_E1-fffffffe
StaticMeshActor	JF-Buildings.JF-Tent03	-151.777	-19.683	94.161	85.0	Dakara_E1-0000fffe
StaticMeshActor	JF-Buildings.JF-Tent03	-144.247	-21.368	196.256	25.9	Dakara_E1-0001fffe
StaticMeshActor	JF-Buildings.JF-Tent03	-121.237	-7.690	524.977	-5.6	Dakara_E1-0005fffe
StaticMeshActor	JF-Buildings.JF-Tent03	-115.276	-15.310	210.895	-61.9	Dakara_E1-0002fffe
StaticMeshActor	JF-Buildings.JF-Tent03	-115.243	-7.690	464.112	-5.6	Dakara_E1-0004fffe
StaticMeshActor	JF-Buildings.JF-Tent03	-112.677	-16.833	229.059	-151.9	Dakara_E1-0002fffe
StaticMeshActor	JF-Buildings.JF-Tent03	-89.231	-15.310	259.621	118.1	Dakara_E1-0002ffff
StaticMeshActor	JF-Buildings.JF-Tent03	-78.743	-19.160	0.297	-7.8	Dakara_E1-0000ffff
StaticMeshActor	JF-Buildings.JF-Tent03	-72.485	-20.498	355.557	-5.1	Dakara_E1-0003ffff
StaticMeshActor	JF-Buildings.JF-Tent03	-70.058	-15.670	83.592	84.4	Dakara_E1-0000ffff
StaticMeshActor	JF-Buildings.JF-Tent03	-69.143	-19.160	1.297	-7.8	Dakara_E1-0000ffff
StaticMeshActor	JF-Buildings.JF-Tent03	-64.654	-15.670	28.727	-95.6	Dakara_E1-0000ffff
StaticMeshActor	JF-Buildings.JF-Tent03	-55.053	-20.485	357.105	-5.1	Dakara_E1-0003ffff
StaticMeshActor	JF-Buildings.JF-Tent03	-16.639	-19.160	-44.481	82.2	Dakara_E1-ffffffff
StaticMeshActor	JF-Buildings.JF-Tent03	6.634	-12.370	-46.884	354.4	Dakara_E1-ffff0000
StaticMeshActor	JF-Buildings.JF-Tent03	7.385	-21.659	197.149	-89.4	Dakara_E1-00010000
StaticMeshActor	JF-Buildings.JF-Tent03	12.628	-12.370	-107.750	354.4	Dakara_E1-fffe0000
StaticMeshActor	JF-Buildings.JF-Tent03	36.709	-20.050	10.171	658.1	Dakara_E1-00000000
StaticMeshActor	JF-Buildings.JF-Tent03	42.923	-20.790	55.081	-64.1	Dakara_E1-00000000
StaticMeshActor	JF-Buildings.JF-Tent03	53.007	-15.430	355.082	-5.6	Dakara_E1-00030000
StaticMeshActor	JF-Buildings.JF-Tent03	53.103	-20.790	59.337	20.3	Dakara_E1-00000000
StaticMeshActor	JF-Buildings.JF-Tent03	53.110	-16.953	435.404	-5.6	Dakara_E1-00040000
StaticMeshActor	JF-Buildings.JF-Tent03	71.718	-20.790	53.088	14.7	Dakara_E1-00000000
StaticMeshActor	JF-Buildings.JF-Tent03	92.280	-16.953	439.262	-5.6	Dakara_E1-00040000
StaticMeshActor	JF-Buildings.JF-Tent03	97.223	-16.953	433.559	84.4	Dakara_E1-00040000
StaticMeshActor	JF-Buildings.JF-Tent03	98.532	-20.050	-38.307	714.4	Dakara_E1-ffff0000
StaticMeshActor	JF-Buildings.JF-Tent03	107.942	-15.430	360.485	174.4	Dakara_E1-00030001
StaticMeshActor	JF-Buildings.JF-Tent03	155.197	-20.050	-32.708	174.4	Dakara_E1-ffff0001
StaticMeshActor	JF-Buildings.JF-Tent03	171.421	-20.790	71.522	-33.2	Dakara_E1-00000001
StaticMeshActor	JF-Buildings.JF-Tent03	193.159	-21.559	214.654	-96.2	Dakara_E1-00020001
StaticMeshActor	JF-Buildings.JF-Tent03	209.989	-20.050	27.739	230.6	Dakara_E1-00000002
StaticMeshActor	JF-Buildings.JF-Tent03	211.989	-20.485	385.373	-186.2	Dakara_E1-00030002
StaticMeshActor	JF-Buildings.JF-Tent03	229.387	-20.498	387.255	-186.2	Dakara_E1-00030002
StaticMeshActor	JF-Buildings.JF-Tent03	237.571	-7.690	561.301	174.4	Dakara_E1-00050002
StaticMeshActor	JF-Buildings.JF-Tent03	243.565	-7.690	500.436	174.4	Dakara_E1-00050002
StaticMeshActor	JF-Buildings.JF-Tent03	247.028	-12.370	-23.394	534.4	Dakara_E1-ffff0002
StaticMeshActor	JF-Buildings.JF-Tent03	253.022	-12.370	-84.259	534.4	Dakara_E1-ffff0002
StaticMeshActor	JF-Buildings.JF-Tent03	267.237	-14.990	298.981	50.6	Dakara_E1-00020002
StaticMeshActor	JF-Buildings.JF-Tent03	282.767	-15.530	122.634	84.4	Dakara_E1-00010002
StaticMeshActor	JF-Buildings.JF-Tent03	282.974	-16.513	289.691	-39.4	Dakara_E1-00020002
StaticMeshActor	JF-Buildings.JF-Tent03	288.173	-15.530	67.749	264.4	Dakara_E1-00000002
StaticMeshActor	JF-Buildings.JF-Tent03	290.690	-17.133	106.167	-5.6	Dakara_E1-00010002
StaticMeshActor	JF-Buildings.JF-Tent03	302.212	-14.990	256.364	230.6	Dakara_E1-00020003
StaticMeshActor	JF-Buildings.JF-Tent03	440.043	-11.960	62.117	-92.8	Dakara_E1-00000004
PrefabInstance	JF-Buildings.JF-Tent03_Pf0	559.975	-7.164	268.237	14.1	Dakara_E1-00020005
StaticMeshActor	JF-Buildings.JF-TentAwning00_DONTUSE	81.882	-20.845	49.295	96.5	Dakara_E1-00000000
StaticMeshActor	JF-Buildings.JF-TentAwning00_DONTUSE	174.647	-20.576	-102.681	-185.6	Dakara_E1-fffe0001
StaticMeshActor	JF-Buildings.JF-TentAwning00_DONTUSE	179.619	-20.845	77.731	43.0	Dakara_E1-00000001
StaticMeshActor	Tol-Props00.Tol-IonCannon00	46.536	-12.290	-74.671	-22.5	Dakara_E1-ffff0000
StaticMeshActor	Tol-Props00.Tol-IonCannon00	212.196	-12.290	-58.381	-174.4	Dakara_E1-ffff0002
