world	package	mesh	actors	example_chunk
Agnos	AN-Arch	AN-Arch.AN-Arch00	20	Agnos-00000005.umap
Agnos	AN-Arch	AN-Arch.AN-Arch01	64	Agnos-0000fff6.umap
Agnos	AN-Arch	AN-Arch.AN-Base_Light00	164	Agnos-00000005.umap
Agnos	AN-Arch	AN-Arch.AN-Base_LightCNR00	238	Agnos-0000fff6.umap
Agnos	AN-Arch	AN-Arch.AN-BridgeSm_Anchor00	6	Agnos-fff8fffb.umap
Agnos	AN-Arch	AN-Arch.AN-BridgeSm_Segment00	19	Agnos-00000001.umap
Agnos	AN-Arch	AN-Arch.AN-BridgeSm_Segment01	20	Agnos-0000fff8.umap
Agnos	AN-Arch	AN-Arch.AN-BridgeSm_Segment01_Ruin	2	Agnos-0001fffa.umap
Agnos	AN-Arch	AN-Arch.AN-Bridge_Anchor00	2	Agnos-0006000a.umap
Agnos	AN-Arch	AN-Arch.AN-Bridge_Segment00	10	Agnos-0003fffb.umap
Agnos	AN-Arch	AN-Arch.AN-Bridge_SupportLG00	13	Agnos-0008fffd.umap
Agnos	AN-Arch	AN-Arch.AN-Bridge_SupportSM00	30	Agnos-00010004.umap
Agnos	AN-Arch	AN-Arch.AN-Canal_Cnr00	22	Agnos-0000fffa.umap
Agnos	AN-Arch	AN-Arch.AN-Canal_Cnr02	65	Agnos-0000fffa.umap
Agnos	AN-Arch	AN-Arch.AN-Canal_Con00	552	Agnos-00000000.umap
Agnos	AN-Arch	AN-Arch.AN-Canal_Con01	44	Agnos-0002fff4.umap
Agnos	AN-Arch	AN-Arch.AN-Canal_Crv00	40	Agnos-0001fff6.umap
Agnos	AN-Arch	AN-Arch.AN-Canal_Crv02	70	Agnos-0001fff6.umap
Agnos	AN-Arch	AN-Arch.AN-Canal_Ramp00	8	Agnos-0005000a.umap
Agnos	AN-Arch	AN-Arch.AN-Canal_Ramp01	4	Agnos-0005000a.umap
Agnos	AN-Arch	AN-Arch.AN-Canal_Ramp02	45	Agnos-0000fffb.umap
Agnos	AN-Arch	AN-Arch.AN-Canal_Str00	576	Agnos-00000001.umap
Agnos	AN-Arch	AN-Arch.AN-Canal_Str01	8	Agnos-00050009.umap
Agnos	AN-Arch	AN-Arch.AN-ColumnLight00	8	Agnos-00030001.umap
Agnos	AN-Arch	AN-Arch.AN-Diagonal_Braces_Large00	19	Agnos-00080004.umap
Agnos	AN-Arch	AN-Arch.AN-Diagonal_Braces_Med00	8	Agnos-0003fffd.umap
Agnos	AN-Arch	AN-Arch.AN-Diagonal_Braces_Med01	10	Agnos-0005000a.umap
Agnos	AN-Arch	AN-Arch.AN-Diagonal_Braces_Small00	4	Agnos-00020005.umap
Agnos	AN-Arch	AN-Arch.AN-HollowWall_BTM00	1	Agnos-00010000.umap
Agnos	AN-Arch	AN-Arch.AN-HollowWall_MID00	211	Agnos-0000fff6.umap
Agnos	AN-Arch	AN-Arch.AN-HollowWall_MID01	169	Agnos-0000fff7.umap
Agnos	AN-Arch	AN-Arch.AN-HollowWall_MID02	33	Agnos-0000fff7.umap
Agnos	AN-Arch	AN-Arch.AN-HollowWall_MID03	56	Agnos-0000fff7.umap
Agnos	AN-Arch	AN-Arch.AN-HollowWall_MID06	63	Agnos-00000005.umap
Agnos	AN-Arch	AN-Arch.AN-HollowWall_TOP00	9	Agnos-0003fff8.umap
Agnos	AN-Arch	AN-Arch.AN-HollowWall_TOP01	36	Agnos-fffb000a.umap
Agnos	AN-Arch	AN-Arch.AN-Laro_Terminal00	12	Agnos-00000005.umap
Agnos	AN-Arch	AN-Arch.AN-Lightstrip00	42	Agnos-0002fffc.umap
Agnos	AN-Arch	AN-Arch.AN-Lightstrip01	6	Agnos-0002fffc.umap
Agnos	AN-Arch	AN-Arch.AN-Lightstrip02	7	Agnos-0000fffc.umap
Agnos	AN-Arch	AN-Arch.AN-Pillar_Large00	60	Agnos-00020001.umap
Agnos	AN-Arch	AN-Arch.AN-Pillar_Large00_Ruin00	8	Agnos-fff50000.umap
Agnos	AN-Arch	AN-Arch.AN-Pillar_Medium00	90	Agnos-00000000.umap
Agnos	AN-Arch	AN-Arch.AN-Pillar_Medium00_Ruin00	5	Agnos-00010005.umap
Agnos	AN-Arch	AN-Arch.AN-Pillar_Medium00_Ruin01	5	Agnos-0001fffb.umap
Agnos	AN-Arch	AN-Arch.AN-Pillar_Medium01	14	Agnos-00010000.umap
Agnos	AN-Arch	AN-Arch.AN-Pillar_Small00	13	Agnos-fffd0000.umap
Agnos	AN-Arch	AN-Arch.AN-RailingLG_Corner00	17	Agnos-fffafff6.umap
Agnos	AN-Arch	AN-Arch.AN-RailingLG_Corner01	42	Agnos-0000fff6.umap
Agnos	AN-Arch	AN-Arch.AN-RailingLG_Straight00	3	Agnos-fffdfffd.umap
Agnos	AN-Arch	AN-Arch.AN-RailingLG_Straight01	69	Agnos-00000005.umap
Agnos	AN-Arch	AN-Arch.AN-RailingMD_Corner01	191	Agnos-00010004.umap
Agnos	AN-Arch	AN-Arch.AN-RailingMD_Straight01	197	Agnos-00010004.umap
Agnos	AN-Arch	AN-Arch.AN-RailingSM_Corner00	30	Agnos-0003fff3.umap
Agnos	AN-Arch	AN-Arch.AN-RailingSM_Corner01	53	Agnos-00020001.umap
Agnos	AN-Arch	AN-Arch.AN-RailingSM_Straight00	1	Agnos-0002fff4.umap
Agnos	AN-Arch	AN-Arch.AN-RailingSM_Straight01	71	Agnos-00010004.umap
Agnos	AN-Arch	AN-Arch.AN-Ramp00	1	Agnos-0002fff4.umap
Agnos	AN-Arch	AN-Arch.AN-Ramp01	1	Agnos-0002fff4.umap
Agnos	AN-Arch	AN-Arch.AN-Ramp02	2	Agnos-0002fff4.umap
Agnos	AN-Arch	AN-Arch.AN-Ramp03	1	Agnos-0002fff4.umap
Agnos	AN-Arch	AN-Arch.AN-Ramp04	1	Agnos-0002fff4.umap
Agnos	AN-Arch	AN-Arch.AN-WallCover_LowCnr00	50	Agnos-00010005.umap
Agnos	AN-Arch	AN-Arch.AN-WallCover_Med00	8	Agnos-fff7fffb.umap
Agnos	AN-Arch	AN-Arch.AN-WallCover_MedCnr00	128	Agnos-00000005.umap
Agnos	AN-Arch	AN-Arch.AN-Wall_Deco00	50	Agnos-00010000.umap
Agnos	AN-Arch	AN-Arch.AN-Wall_Deco00_CNR01	1	Agnos-fffe0000.umap
Agnos	AN-Arch	AN-Arch.AN-Wall_Deco00a	42	Agnos-fffb0004.umap
Agnos	AN-Arch	AN-Arch.AN-Wall_Deco01	84	Agnos-00000005.umap
Agnos	AN-Arch	AN-Arch.AN-Wall_Deco01_CNR00	1	Agnos-fff8000c.umap
Agnos	AN-Arch	AN-Arch.AN-Wall_Deco01a	18	Agnos-fff8000c.umap
Agnos	AN-Arch	AN-Arch.AN-Wall_Deco02	94	Agnos-00030001.umap
Agnos	AN-Arch	AN-Arch.AN-Wall_Deco02_Gate	34	Agnos-00000005.umap
Agnos	AN-Arch	AN-Arch.AN-Wall_Deco02a	98	Agnos-00000005.umap
Agnos	AN-Arch	AN-Arch.AN-Wall_Deco03	141	Agnos-0000fff7.umap
Agnos	AN-Arch	AN-Arch.AN-Wall_Deco03_CNR00	6	Agnos-0000fff9.umap
Agnos	AN-Arch	AN-Arch.AN-Wall_Deco03_CNR01	5	Agnos-0002fff4.umap
Agnos	AN-Arch	AN-Arch.AN-Wall_Deco03_Gate	41	Agnos-0000fff8.umap
Agnos	AN-Arch	AN-Arch.AN-Wall_Deco03a	224	Agnos-0000fff8.umap
Agnos	AN-Arch	AN-Arch.AN-Wall_Deco03b	315	Agnos-0000fff8.umap
Agnos	AN-Buildings	AN-Buildings.AN-AtmosphereGen00	5	Agnos-fffd0001.umap
Agnos	AN-Buildings	AN-Buildings.AN-Building_Large00	4	Agnos-00030001.umap
Agnos	AN-Buildings	AN-Buildings.AN-Building_Large01	17	Agnos-00000005.umap
Agnos	AN-Buildings	AN-Buildings.AN-Building_Med00	4	Agnos-00030005.umap
Agnos	AN-Buildings	AN-Buildings.AN-Building_Med00_Ruin	1	Agnos-0001fffa.umap
Agnos	AN-Buildings	AN-Buildings.AN-Building_Small00	3	Agnos-0000fff7.umap
Agnos	AN-Buildings	AN-Buildings.AN-Building_Small01	7	Agnos-0002fff4.umap
Agnos	AN-Buildings	AN-Buildings.AN-Building_Small01_Ruin	1	Agnos-0001fffd.umap
Agnos	AN-Buildings	AN-Buildings.AN-Building_Small02	23	Agnos-00000005.umap
Agnos	AN-Buildings	AN-Buildings.AN-Greenhouse00	4	Agnos-fff70001.umap
Agnos	AN-Buildings	AN-Buildings.AN-Greenhouse_Door00	4	Agnos-fff70001.umap
Agnos	AN-Buildings	AN-Buildings.AN-Greenhouse_Top00	1	Agnos-fff70001.umap
Agnos	AN-Buildings	AN-Buildings.AN-PlasmaStorageBuilding00	2	Agnos-fffafff7.umap
Agnos	AN-Buildings	AN-Buildings.AN-PlasmaStorageBuilding01	16	Agnos-0003fffb.umap
Agnos	AN-Buildings	AN-Buildings.AN-PlasmaStorageBuilding02	5	Agnos-0003fffc.umap
Agnos	AN-Buildings	AN-Buildings.AN-PlasmaStorageBuilding03	13	Agnos-0004fffd.umap
Agnos	AN-Buildings	AN-Buildings.AN-Small_Deco00	9	Agnos-0002fffe.umap
Agnos	AN-Buildings	AN-Buildings.AN-Small_Deco01	6	Agnos-0004fffe.umap
Agnos	AN-Buildings	AN-Buildings.AN-smStorageBuilding00	34	Agnos-0000fffc.umap
Agnos	AN-Cover	AN-Cover.AN-Cover_Flatrocks1	2	Agnos-00030001.umap
Agnos	AN-Cover	AN-Cover.AN-Cover_High_Flatrocks_Cap1	1	Agnos-fff7fffb.umap
Agnos	AN-Cover	AN-Cover.AN-Cover_High_Flatrocks_I1	1	Agnos-00010004.umap
Agnos	AN-Cover	AN-Cover.AN-Cover_High_Flatrocks_I2	1	Agnos-fff7fffb.umap
Agnos	AN-Cover	AN-Cover.AN-Cover_High_Flatrocks_L	6	Agnos-00010006.umap
Agnos	AN-Cover	AN-Cover.AN-Cover_High_Guardpost1	4	Agnos-00040005.umap
Agnos	AN-Cover	AN-Cover.AN-Cover_High_Platform1	1	Agnos-0000fff6.umap
Agnos	AN-Cover	AN-Cover.AN-Cover_High_Railing_Cap1	1421	Agnos-0000fff6.umap
Agnos	AN-Cover	AN-Cover.AN-Cover_High_Railing_I1	742	Agnos-0000fff6.umap
Agnos	AN-Cover	AN-Cover.AN-Cover_High_Railing_I2	51	Agnos-0000fff7.umap
Agnos	AN-Cover	AN-Cover.AN-Cover_High_Railing_L	13	Agnos-0001fffa.umap
Agnos	AN-Cover	AN-Cover.AN-Cover_High_Railing_V	42	Agnos-0000fff6.umap
Agnos	AN-Cover	AN-Cover.AN-Cover_High_Rockpile_C	1	Agnos-0002fff7.umap
Agnos	AN-Cover	AN-Cover.AN-Cover_High_Rockpile_I1	2	Agnos-0002fff6.umap
Agnos	AN-Cover	AN-Cover.AN-Cover_High_Rockpile_I2	1	Agnos-0002fff7.umap
Agnos	AN-Cover	AN-Cover.AN-Cover_High_Rockpile_I3	1	Agnos-0002fff7.umap
Agnos	AN-Cover	AN-Cover.AN-Cover_High_Rockpile_L	3	Agnos-00010006.umap
Agnos	AN-Cover	AN-Cover.AN-Cover_High_Rockpile_U	5	Agnos-00010006.umap
Agnos	AN-Cover	AN-Cover.AN-Cover_High_Rockpile_V	71	Agnos-00000001.umap
Agnos	AN-Cover	AN-Cover.AN-Cover_High_Rubble_Cap1	1	Agnos-fffefffd.umap
Agnos	AN-Cover	AN-Cover.AN-Cover_High_Rubble_L	3	Agnos-00020001.umap
Agnos	AN-Cover	AN-Cover.AN-Cover_High_Rubble_V	2	Agnos-0001fffb.umap
Agnos	AN-Cover	AN-Cover.AN-Cover_High_Sandbags_Cap1	4	Agnos-fffefffd.umap
Agnos	AN-Cover	AN-Cover.AN-Cover_High_Shield_Cap1	28	Agnos-00050001.umap
Agnos	AN-Cover	AN-Cover.AN-Cover_High_Shield_Cap2	8	Agnos-fffe0001.umap
Agnos	AN-Cover	AN-Cover.AN-Cover_High_Shield_Cap3	106	Agnos-0001fff4.umap
Agnos	AN-Cover	AN-Cover.AN-Cover_High_Shield_I1	1	Agnos-fffe0001.umap
Agnos	AN-Cover	AN-Cover.AN-Cover_High_Shield_I2	91	Agnos-00000005.umap
Agnos	AN-Cover	AN-Cover.AN-Cover_High_Shield_L	3	Agnos-00050001.umap
Agnos	AN-Cover	AN-Cover.AN-Cover_High_Walltrim_Cap1	20	Agnos-0002fffb.umap
Agnos	AN-Cover	AN-Cover.AN-Cover_High_Walltrim_I1	9	Agnos-fffd0001.umap
Agnos	AN-Cover	AN-Cover.AN-Cover_High_Walltrim_V	4	Agnos-fffffff7.umap
Agnos	AN-Cover	AN-Cover.AN-Cover_Low_Flatrocks_Cap1	1	Agnos-0002fffb.umap
Agnos	AN-Cover	AN-Cover.AN-Cover_Low_Flatrocks_I1	2	Agnos-0002fffc.umap
Agnos	AN-Cover	AN-Cover.AN-Cover_Low_Flatrocks_I2	1	Agnos-0002fffc.umap
Agnos	AN-Cover	AN-Cover.AN-Cover_Low_Flatrocks_L	1	Agnos-0002fffb.umap
Agnos	AN-Cover	AN-Cover.AN-Cover_Low_Railing_I2	16	Agnos-00020005.umap
Agnos	AN-Cover	AN-Cover.AN-Cover_Low_Rockpile_C	1	Agnos-00070002.umap
Agnos	AN-Cover	AN-Cover.AN-Cover_Low_Rockpile_I1	4	Agnos-00070002.umap
Agnos	AN-Cover	AN-Cover.AN-Cover_Low_Rockpile_L	3	Agnos-00010005.umap
Agnos	AN-Cover	AN-Cover.AN-Cover_Low_Rockpile_U	3	Agnos-00010005.umap
Agnos	AN-Cover	AN-Cover.AN-Cover_Low_Rockpile_V	1	Agnos-00070002.umap
Agnos	AN-Cover	AN-Cover.AN-Cover_Low_Rubble_I1	1	Agnos-fffe0000.umap
Agnos	AN-Cover	AN-Cover.AN-Cover_Low_Rubble_I2	1	Agnos-00010005.umap
Agnos	AN-Cover	AN-Cover.AN-Cover_Low_Rubble_V	1	Agnos-0005fffd.umap
Agnos	AN-Cover	AN-Cover.AN-Cover_Med_Flatrocks_Cap1	25	Agnos-0000fffb.umap
Agnos	AN-Cover	AN-Cover.AN-Cover_Med_Flatrocks_I1	25	Agnos-00010002.umap
Agnos	AN-Cover	AN-Cover.AN-Cover_Med_Flatrocks_I2	28	Agnos-0000fffb.umap
Agnos	AN-Cover	AN-Cover.AN-Cover_Med_Flatrocks_L	21	Agnos-00020001.umap
Agnos	AN-Cover	AN-Cover.AN-Cover_Med_Flatrocks_V	27	Agnos-00020001.umap
Agnos	AN-Cover	AN-Cover.AN-Cover_Med_Guardpost1	12	Agnos-00020004.umap
Agnos	AN-Cover	AN-Cover.AN-Cover_Med_Platform1	12	Agnos-0002fffd.umap
Agnos	AN-Cover	AN-Cover.AN-Cover_Med_Railing_Cap1	327	Agnos-0002fff4.umap
Agnos	AN-Cover	AN-Cover.AN-Cover_Med_Railing_I1	427	Agnos-00010004.umap
Agnos	AN-Cover	AN-Cover.AN-Cover_Med_Railing_I2	53	Agnos-0003fffc.umap
Agnos	AN-Cover	AN-Cover.AN-Cover_Med_Railing_L	91	Agnos-00010004.umap
Agnos	AN-Cover	AN-Cover.AN-Cover_Med_Railing_V	34	Agnos-00010004.umap
Agnos	AN-Cover	AN-Cover.AN-Cover_Med_Rockpile_C	13	Agnos-0001fffc.umap
Agnos	AN-Cover	AN-Cover.AN-Cover_Med_Rockpile_I1	19	Agnos-0001fffb.umap
Agnos	AN-Cover	AN-Cover.AN-Cover_Med_Rockpile_I2	16	Agnos-00010006.umap
Agnos	AN-Cover	AN-Cover.AN-Cover_Med_Rockpile_I3	7	Agnos-0001fffb.umap
Agnos	AN-Cover	AN-Cover.AN-Cover_Med_Rockpile_L	23	Agnos-00010005.umap
Agnos	AN-Cover	AN-Cover.AN-Cover_Med_Rockpile_U	10	Agnos-0002fff6.umap
Agnos	AN-Cover	AN-Cover.AN-Cover_Med_Rockpile_V	21	Agnos-00010005.umap
Agnos	AN-Cover	AN-Cover.AN-Cover_Med_Rubble_Cap1	5	Agnos-00020002.umap
Agnos	AN-Cover	AN-Cover.AN-Cover_Med_Rubble_I1	15	Agnos-0000fffc.umap
Agnos	AN-Cover	AN-Cover.AN-Cover_Med_Rubble_I2	9	Agnos-0000fffc.umap
Agnos	AN-Cover	AN-Cover.AN-Cover_Med_Rubble_L	13	Agnos-00010004.umap
Agnos	AN-Cover	AN-Cover.AN-Cover_Med_Rubble_V	8	Agnos-0001fffb.umap
Agnos	AN-Cover	AN-Cover.AN-Cover_Med_Sandbags_Cap1	30	Agnos-0002fffb.umap
Agnos	AN-Cover	AN-Cover.AN-Cover_Med_Sandbags_I2	9	Agnos-00070009.umap
Agnos	AN-Cover	AN-Cover.AN-Cover_Med_Sandbags_L	5	Agnos-0007000a.umap
Agnos	AN-Cover	AN-Cover.AN-Cover_Med_Shield_Cap1	80	Agnos-0002fff5.umap
Agnos	AN-Cover	AN-Cover.AN-Cover_Med_Shield_Cap2	8	Agnos-fffe0000.umap
Agnos	AN-Cover	AN-Cover.AN-Cover_Med_Shield_Cap3	321	Agnos-0000fffb.umap
Agnos	AN-Cover	AN-Cover.AN-Cover_Med_Shield_I1	5	Agnos-fff9fff7.umap
Agnos	AN-Cover	AN-Cover.AN-Cover_Med_Shield_I2	170	Agnos-0000fffb.umap
Agnos	AN-Cover	AN-Cover.AN-Cover_Med_Shield_L	39	Agnos-0000fffb.umap
Agnos	AN-Cover	AN-Cover.AN-Cover_Med_Shield_V	6	Agnos-0008fffe.umap
Agnos	AN-Cover	AN-Cover.AN-Cover_Med_Walltrim_Cap1	151	Agnos-0002fff3.umap
Agnos	AN-Cover	AN-Cover.AN-Cover_Med_Walltrim_I1	46	Agnos-00030001.umap
Agnos	AN-Cover	AN-Cover.AN-Cover_Med_Walltrim_I2	33	Agnos-0002fff3.umap
Agnos	AN-Cover	AN-Cover.AN-Cover_Med_Walltrim_L	51	Agnos-0002fff4.umap
Agnos	AN-Cover	AN-Cover.AN-Cover_Med_Walltrim_V	33	Agnos-00020005.umap
Agnos	AN-Cover	AN-Cover.AN-Cover_Platform_Ramp	11	Agnos-0002fffd.umap
Agnos	AN-Cover	AN-Cover.AN-Cover_Rockpile_Decor2	2	Agnos-fff70001.umap
Agnos	AN-Cover	AN-Cover.AN-Cover_Rubble1	3	Agnos-00010005.umap
Agnos	AN-Cover	AN-Cover.AN-Cover_Rubble2	2	Agnos-0000fffc.umap
Agnos	AN-Cover	AN-Cover.AN-Cover_Rubble3	5	Agnos-0000fffd.umap
Agnos	AN-Cover	AN-Cover.AN-Cover_Rubble4	3	Agnos-00010005.umap
Agnos	AN-Cover	AN-Cover.AN-Cover_Rubble5	2	Agnos-0000fffd.umap
Agnos	AN-Interior	AN-Interior.AN-small_hallway_3way_a_00	10	Agnos-00000005.umap
Agnos	AN-Interior	AN-Interior.AN-small_hallway_4way_a_00	20	Agnos-00000005.umap
Agnos	AN-Interior	AN-Interior.AN-small_hallway_elbow_a_00	20	Agnos-00000005.umap
Agnos	AN-Interior	AN-Interior.AN-small_hallway_ramp_a_00	20	Agnos-00000005.umap
Agnos	AN-Interior	AN-Interior.AN-small_hallway_straight_a_1024_00	30	Agnos-00000005.umap
Agnos	AN-Props	AN-Props.AN-Antenna00	10	Agnos-0002fffd.umap
Agnos	AN-Props	AN-Props.AN-Antenna02	1	Agnos-fffbfff7.umap
Agnos	AN-Props	AN-Props.AN-Antenna03	7	Agnos-0000fffe.umap
Agnos	AN-Props	AN-Props.AN-Bench00	139	Agnos-00000005.umap
Agnos	AN-Props	AN-Props.AN-Ceiling_Light00	297	Agnos-00000005.umap
Agnos	AN-Props	AN-Props.AN-Ceiling_Light01	178	Agnos-00000005.umap
Agnos	AN-Props	AN-Props.AN-Chair00	35	Agnos-00020005.umap
Agnos	AN-Props	AN-Props.AN-Chair01	215	Agnos-0001fff4.umap
Agnos	AN-Props	AN-Props.AN-ComTerminalScreen_00	43	Agnos-00000005.umap
Agnos	AN-Props	AN-Props.AN-CommunicationTerminal_00	26	Agnos-0002fffd.umap
Agnos	AN-Props	AN-Props.AN-CommunicationsTerminal_01	273	Agnos-00000005.umap
Agnos	AN-Props	AN-Props.AN-CommunicationsTerminal_02	145	Agnos-00000005.umap
Agnos	AN-Props	AN-Props.AN-CornerLight00	277	Agnos-00000005.umap
Agnos	AN-Props	AN-Props.AN-DNADesequencer00	1	Agnos-0004fff9.umap
Agnos	AN-Props	AN-Props.AN-DroneWeapon00	4	Agnos-0000fffb.umap
Agnos	AN-Props	AN-Props.AN-DroneWeapon_Rack00	23	Agnos-0000fffc.umap
Agnos	AN-Props	AN-Props.AN-DroneWeapon_Rack01	22	Agnos-0000fffc.umap
Agnos	AN-Props	AN-Props.AN-DroneWeapon_Rack02	14	Agnos-0001fff3.umap
Agnos	AN-Props	AN-Props.AN-Drone_Landscape00	1	Agnos-00080003.umap
Agnos	AN-Props	AN-Props.AN-HolographicResearchTerminal_00	26	Agnos-00000005.umap
Agnos	AN-Props	AN-Props.AN-Mach_Large00	5	Agnos-0001fffd.umap
Agnos	AN-Props	AN-Props.AN-Mach_Med00	26	Agnos-00000005.umap
Agnos	AN-Props	AN-Props.AN-Mainframe_00	41	Agnos-00000005.umap
Agnos	AN-Props	AN-Props.AN-Mainframe_01	309	Agnos-0002fff3.umap
Agnos	AN-Props	AN-Props.AN-MedicalTable00	9	Agnos-00080003.umap
Agnos	AN-Props	AN-Props.AN-OverHeadCraneARM00	6	Agnos-00050009.umap
Agnos	AN-Props	AN-Props.AN-OverheadCrane00	6	Agnos-00050009.umap
Agnos	AN-Props	AN-Props.AN-Pipe00	22	Agnos-00000006.umap
Agnos	AN-Props	AN-Props.AN-Pipe01	70	Agnos-00000005.umap
Agnos	AN-Props	AN-Props.AN-Pipe02	118	Agnos-00010004.umap
Agnos	AN-Props	AN-Props.AN-Pipe03	141	Agnos-00000006.umap
Agnos	AN-Props	AN-Props.AN-PlasmaDrops00	5	Agnos-0000fffc.umap
Agnos	AN-Props	AN-Props.AN-PlasmaDrops02	8	Agnos-0000fffc.umap
Agnos	AN-Props	AN-Props.AN-PlasmaDrops03	5	Agnos-0000fffc.umap
Agnos	AN-Props	AN-Props.AN-PlasmaDrops04	1	Agnos-fffafff7.umap
Agnos	AN-Props	AN-Props.AN-PlasmaPipe_Elbow00	4	Agnos-fffe0001.umap
Agnos	AN-Props	AN-Props.AN-PlasmaPipe_Long00	60	Agnos-fffd0001.umap
Agnos	AN-Props	AN-Props.AN-PlasmaPuddle00	15	Agnos-0000fffc.umap
Agnos	AN-Props	AN-Props.AN-PlasmaPuddle01	12	Agnos-0000fffc.umap
Agnos	AN-Props	AN-Props.AN-PlasmaPuddle02	10	Agnos-0000fffc.umap
Agnos	AN-Props	AN-Props.AN-PlasmaStorage00	1178	Agnos-0000fffc.umap
Agnos	AN-Props	AN-Props.AN-PlasmaStorage01	14	Agnos-0000fffc.umap
Agnos	AN-Props	AN-Props.AN-PlasmaStorage02	27	Agnos-0000fffc.umap
Agnos	AN-Props	AN-Props.AN-PlasmaStorage03	14	Agnos-0000fffc.umap
Agnos	AN-Props	AN-Props.AN-PowerGenerator_00	20	Agnos-0003fffb.umap
Agnos	AN-Props	AN-Props.AN-PuddleJumper00	11	Agnos-00010000.umap
Agnos	AN-Props	AN-Props.AN-PuddleJumper_Ruin00	2	Agnos-0000fffc.umap
Agnos	AN-Props	AN-Props.AN-PuzzleStation00	9	Agnos-0001fffc.umap
Agnos	AN-Props	AN-Props.AN-PuzzleStation00_Puzzle	19	Agnos-00000005.umap
Agnos	AN-Props	AN-Props.AN-RobotRepairStation_00	11	Agnos-00060002.umap
Agnos	AN-Props	AN-Props.AN-Shelf_High00	114	Agnos-00000005.umap
Agnos	AN-Props	AN-Props.AN-Shelf_Med00	68	Agnos-00000005.umap
Agnos	AN-Props	AN-Props.AN-StasisChamber00	43	Agnos-00000005.umap
Agnos	AN-Props	AN-Props.AN-StorageTank01	21	Agnos-00070009.umap
Agnos	AN-Props	AN-Props.AN-StorageTank02	10	Agnos-0005fffb.umap
Agnos	AN-Props	AN-Props.AN-Table00	5	Agnos-fff7fffb.umap
Agnos	AN-Props	AN-Props.AN-Table01	27	Agnos-0001fff4.umap
Agnos	AN-Props	AN-Props.AN-Table02	4	Agnos-00020005.umap
Agnos	AN-Props	AN-Props.AN-TheChair00	1	Agnos-fffffffd.umap
Agnos	AN-Props	AN-Props.AN-Wall_Light_Deco00	70	Agnos-00000005.umap
Agnos	AN-Props	AN-Props.AN-Wall_Light_Deco01	24	Agnos-00000005.umap
Agnos	AN-Props	AN-Props.An-Artifact00	18	Agnos-0000fffb.umap
Agnos	AN-Props	AN-Props.An-Artifact01	57	Agnos-00010004.umap
Agnos	AN-Props	AN-Props.An-Artifact01_ruined	7	Agnos-0001fffc.umap
Agnos	AN-Props	AN-Props.An-Artifact02	14	Agnos-00020001.umap
Agnos	AN-Props	AN-Props.An-Artifact02_ruined	4	Agnos-0000fffc.umap
Agnos	AN-Props	AN-Props.An-Artifact03	16	Agnos-00020001.umap
Agnos	AN-Props	AN-Props.An-Artifact03_ruined	8	Agnos-0000fffc.umap
Agnos	AN-Props	AN-Props.An-Bed00	40	Agnos-00000005.umap
Agnos	AN-Props	AN-Props.An-Mach_Small00	7	Agnos-0001fffd.umap
Agnos	AN-Props	AN-Props.An-MolecularDeconstructionDevice00	1	Agnos-0004fff9.umap
Agnos	AN-Props	AN-Props.An-Monitor00	172	Agnos-00000005.umap
Agnos	AN-Props	AN-Props.An-Monitor01	123	Agnos-00000005.umap
Agnos	AN-Props	AN-Props.An-Monitor02	141	Agnos-00000005.umap
Agnos	AN-Props	AN-Props.An-Monitor03	211	Agnos-00000005.umap
Agnos	AN-Props	AN-Props.An-Monitor04	79	Agnos-00000005.umap
Agnos	AN-Props	AN-Props.An-Monitor05	40	Agnos-00000005.umap
Agnos	AN-Props	AN-Props.An-Monitor06	80	Agnos-00000005.umap
Agnos	AN-Props	AN-Props.An-Monitordash01	65	Agnos-0001fff3.umap
Agnos	AN-Props	AN-Props.An-Monitordash02	118	Agnos-0001fff4.umap
Agnos	AN-Props	AN-Props.An-Monitordash03	142	Agnos-00000005.umap
Agnos	AN-Props	AN-Props.An-Monitordash04	38	Agnos-0001fffc.umap
Agnos	ANM-Arch	ANM-Arch.ANM-BridgeSM_Segment00	3	Agnos-0000fffb.umap
Agnos	ANM-Arch	ANM-Arch.ANM-Bridge_SupportLG00	1	Agnos-00070001.umap
Agnos	ANM-Arch	ANM-Arch.ANM-Bridge_SupportSM00	2	Agnos-0000fffc.umap
Agnos	ANM-Arch	ANM-Arch.ANM-Canal_Cnr02	2	Agnos-0000fffc.umap
Agnos	ANM-Arch	ANM-Arch.ANM-Canal_Con00	18	Agnos-0000fffb.umap
Agnos	ANM-Arch	ANM-Arch.ANM-Canal_Crv00	2	Agnos-0001fffc.umap
Agnos	ANM-Arch	ANM-Arch.ANM-Canal_Crv02	2	Agnos-0000fffc.umap
Agnos	ANM-Arch	ANM-Arch.ANM-Canal_Ramp02	2	Agnos-0000fffb.umap
Agnos	ANM-Arch	ANM-Arch.ANM-Canal_Str00	13	Agnos-0000fffb.umap
Agnos	ANM-Arch	ANM-Arch.ANM-RailingLG_Corner00	54	Agnos-fff60000.umap
Agnos	ANM-Arch	ANM-Arch.ANM-RailingLG_Straight00	96	Agnos-fff60000.umap
Agnos	ANM-Arch	ANM-Arch.ANM-RailingSM_Corner00	54	Agnos-0000fffb.umap
Agnos	ANM-Buildings	ANM-Buildings.ANM-Small_Deco01	1	Agnos-00070001.umap
Agnos	ANM-Cover	ANM-Cover.ANM-Cover_High_Guardpost1	3	Agnos-00010005.umap
Agnos	ANM-Cover	ANM-Cover.ANM-Cover_High_Railing_Cap1	8	Agnos-00010005.umap
Agnos	ANM-Cover	ANM-Cover.ANM-Cover_Med_Guardpost1	1	Agnos-00060001.umap
Agnos	ANM-Cover	ANM-Cover.ANM-Cover_Med_Railing_Cap1	28	Agnos-00060001.umap
Agnos	ANM-Cover	ANM-Cover.ANM-Cover_Med_Railing_I1	6	Agnos-00060001.umap
Agnos	ANM-Cover	ANM-Cover.ANM-Cover_Med_Railing_L	1	Agnos-00060001.umap
Agnos	ANM-Cover	ANM-Cover.ANM-Cover_Med_Railing_V	11	Agnos-fff60000.umap
Agnos	ANM-Cover	ANM-Cover.ANM-Cover_Med_Rockshelf_I00	6	Agnos-fff60001.umap
Agnos	ANM-Cover	ANM-Cover.ANM-Cover_Med_Rockshelf_I01	2	Agnos-fff60001.umap
Agnos	ANM-Cover	ANM-Cover.ANM-Cover_Med_Rockshelf_I02	6	Agnos-fff60000.umap
Agnos	ANM-Cover	ANM-Cover.ANM-Cover_Med_Rockshelf_I03	7	Agnos-fff60000.umap
Agnos	ANM-Cover	ANM-Cover.ANM-Cover_Med_Rockshelf_L00	8	Agnos-fff60000.umap
Agnos	ANM-Cover	ANM-Cover.ANM-Cover_Med_Rockshelf_V00	9	Agnos-fff60000.umap
Agnos	ANM-Cover	ANM-Cover.ANM-Cover_Med_Rubble_L	1	Agnos-fff60001.umap
Agnos	ANM-Cover	ANM-Cover.ANM-Cover_Med_Rubble_V	2	Agnos-fff60001.umap
Agnos	ANM-Props	ANM-Props.AN-Couch00	4	Agnos-00020005.umap
Agnos	ANM-Props	ANM-Props.ANM-Artifact00	4	Agnos-0000fffb.umap
Agnos	ANM-Props	ANM-Props.ANM-Artifact01	5	Agnos-00010004.umap
Agnos	ANM-Props	ANM-Props.ANM-Artifact01_Ruined	3	Agnos-00020004.umap
Agnos	ANM-Props	ANM-Props.ANM-Artifact02_Ruined	1	Agnos-00050001.umap
Agnos	ANM-Props	ANM-Props.ANM-Boulder_LG00	1	Agnos-fff80002.umap
Agnos	ANM-Props	ANM-Props.ANM-Boulder_LG01	1	Agnos-fff80002.umap
Agnos	ANM-Props	ANM-Props.ANM-Boulder_MED00	1	Agnos-fff80002.umap
Agnos	ANM-Props	ANM-Props.ANM-Plant_Large01	11	Agnos-fff60001.umap
Agnos	ANM-Props	ANM-Props.ANM-Plant_Large02	12	Agnos-fff60000.umap
Agnos	ANM-Props	ANM-Props.ANM-Plant_Large03	13	Agnos-fff60000.umap
Agnos	ANM-Props	ANM-Props.ANM-Plant_Large04	5	Agnos-fff60001.umap
Agnos	ANM-Props	ANM-Props.ANM-Plant_Large05	12	Agnos-fff60000.umap
Agnos	ANM-Props	ANM-Props.ANM-Plant_Large06	2	Agnos-fff60001.umap
Agnos	ANM-Props	ANM-Props.ANM-Plant_Med04	7	Agnos-fff60000.umap
Agnos	ANM-Props	ANM-Props.ANM-Plant_Small04	23	Agnos-fff60000.umap
Agnos	ANM-Props	ANM-Props.ANM-Root_Med_Bridge01	1	Agnos-fff80001.umap
Agnos	ANM-Props	ANM-Props.ANM-Root_Med_Hor02	5	Agnos-fff60001.umap
Agnos	ANM-Props	ANM-Props.ANM-Root_Med_Hor04	2	Agnos-fff70001.umap
Agnos	ANM-Props	ANM-Props.ANM-Root_Small_Bridge01	1	Agnos-fff70001.umap
Agnos	ANM-Props	ANM-Props.ANM-Root_Small_Hor01	1	Agnos-fff70001.umap
Agnos	ANM-Props	ANM-Props.ANM-Streetlight00	95	Agnos-0000fff7.umap
Agnos	ANM-Props	ANM-Props.ANM-Streetlight01	1	Agnos-0007fffe.umap
Agnos	ANM-Props	ANM-Props.ANM-Vines00	3	Agnos-fff60001.umap
Agnos	ANM-Props	ANM-Props.ANM-Vines01	3	Agnos-fff60001.umap
Agnos	ANM-Props	ANM-Props.ANM-Vines_Alpha02	13	Agnos-fff60001.umap
Agnos	SGW_fluids	SGW_fluids.ANM-WaterfallBase00	5	Agnos-fff60001.umap
Agnos_Library	AGN-Skydome	AGN-Skydome.AGN-Skydome	1	Agnos_Library-00000000.umap
Agnos_Library	AN-Arch	AN-Arch.AN-Base_Light00	7	Agnos_Library-00000000.umap
Agnos_Library	AN-Arch	AN-Arch.AN-Base_LightCNR00	8	Agnos_Library-00000000.umap
Agnos_Library	AN-Arch	AN-Arch.AN-Bridge_SupportSM00	27	Agnos_Library-00000001.umap
Agnos_Library	AN-Arch	AN-Arch.AN-ColumnLight00	8	Agnos_Library-00000000.umap
Agnos_Library	AN-Arch	AN-Arch.AN-HollowWall_MID04	45	Agnos_Library-fffd0000.umap
Agnos_Library	AN-Arch	AN-Arch.AN-Pillar_Large00	35	Agnos_Library-00000000.umap
Agnos_Library	AN-Arch	AN-Arch.AN-RailingLG_Corner01	2	Agnos_Library-00000000.umap
Agnos_Library	AN-Arch	AN-Arch.AN-RailingLG_Straight01	10	Agnos_Library-00000000.umap
Agnos_Library	AN-Arch	AN-Arch.AN-RailingSM_Corner00	22	Agnos_Library-00000000.umap
Agnos_Library	AN-Arch	AN-Arch.AN-RailingSM_Corner01	24	Agnos_Library-00000000.umap
Agnos_Library	AN-Arch	AN-Arch.AN-WallCover_LowCnr00	22	Agnos_Library-00000000.umap
Agnos_Library	AN-Arch	AN-Arch.AN-Wall_Deco02	4	Agnos_Library-00000000.umap
Agnos_Library	AN-Arch	AN-Arch.AN-Wall_Deco02_Gate	4	Agnos_Library-fffdffff.umap
Agnos_Library	AN-Arch	AN-Arch.AN-Wall_Deco02a	5	Agnos_Library-fffd0000.umap
Agnos_Library	AN-Arch	AN-Arch.AN-Wall_Deco03	63	Agnos_Library-00000000.umap
Agnos_Library	AN-Arch	AN-Arch.AN-Wall_Deco03_Gate	1	Agnos_Library-ffff0000.umap
Agnos_Library	AN-Arch	AN-Arch.AN-Wall_Deco03a	37	Agnos_Library-00000000.umap
Agnos_Library	AN-Arch	AN-Arch.AN-Wall_Deco03b	102	Agnos_Library-00000000.umap
Agnos_Library	AN-Buildings	AN-Buildings.AN-Building_Large00	1	Agnos_Library-00000000.umap
Agnos_Library	AN-Buildings	AN-Buildings.AN-Building_Small01	2	Agnos_Library-ffff0000.umap
Agnos_Library	AN-Cover	AN-Cover.AN-Cover_Flatrocks1	1	Agnos_Library-00000000.umap
Agnos_Library	AN-Cover	AN-Cover.AN-Cover_High_Flatrocks_Cap1	2	Agnos_Library-00000000.umap
Agnos_Library	AN-Cover	AN-Cover.AN-Cover_High_Flatrocks_I1	4	Agnos_Library-00000000.umap
Agnos_Library	AN-Cover	AN-Cover.AN-Cover_High_Flatrocks_V	1	Agnos_Library-00000000.umap
Agnos_Library	AN-Cover	AN-Cover.AN-Cover_High_Railing_Cap1	40	Agnos_Library-00000000.umap
Agnos_Library	AN-Cover	AN-Cover.AN-Cover_High_Rockpile_C	4	Agnos_Library-00000000.umap
Agnos_Library	AN-Cover	AN-Cover.AN-Cover_High_Sandbags_Cap1	16	Agnos_Library-00000000.umap
Agnos_Library	AN-Cover	AN-Cover.AN-Cover_Med_Flatrocks_Cap1	1	Agnos_Library-00000000.umap
Agnos_Library	AN-Cover	AN-Cover.AN-Cover_Med_Flatrocks_I1	3	Agnos_Library-00000000.umap
Agnos_Library	AN-Cover	AN-Cover.AN-Cover_Med_Flatrocks_I2	2	Agnos_Library-00000000.umap
Agnos_Library	AN-Cover	AN-Cover.AN-Cover_Med_Flatrocks_L	1	Agnos_Library-00000000.umap
Agnos_Library	AN-Cover	AN-Cover.AN-Cover_Med_Flatrocks_V	2	Agnos_Library-00000000.umap
Agnos_Library	AN-Cover	AN-Cover.AN-Cover_Med_Railing_I1	38	Agnos_Library-00000000.umap
Agnos_Library	AN-Cover	AN-Cover.AN-Cover_Med_Rockpile_I2	3	Agnos_Library-00000000.umap
Agnos_Library	AN-Cover	AN-Cover.AN-Cover_Med_Rockpile_I3	4	Agnos_Library-00000000.umap
Agnos_Library	AN-Cover	AN-Cover.AN-Cover_Med_Walltrim_Cap1	96	Agnos_Library-00000000.umap
Agnos_Library	AN-Cover	AN-Cover.AN-Cover_Med_Walltrim_I1	51	Agnos_Library-00000000.umap
Agnos_Library	AN-Cover	AN-Cover.AN-Cover_Med_Walltrim_I2	8	Agnos_Library-ffff0000.umap
Agnos_Library	AN-Cover	AN-Cover.AN-Cover_Med_Walltrim_L	6	Agnos_Library-00000000.umap
Agnos_Library	AN-Cover	AN-Cover.AN-Cover_Med_Walltrim_V	10	Agnos_Library-00000000.umap
Agnos_Library	AN-Props	AN-Props.AN-Bench00	6	Agnos_Library-00000000.umap
Agnos_Library	AN-Props	AN-Props.AN-Chair00	12	Agnos_Library-ffff0000.umap
Agnos_Library	AN-Props	AN-Props.AN-Chair01	30	Agnos_Library-00000000.umap
Agnos_Library	AN-Props	AN-Props.AN-ComTerminalScreen_00	4	Agnos_Library-ffff0000.umap
Agnos_Library	AN-Props	AN-Props.AN-CommunicationsTerminal_01	53	Agnos_Library-00000000.umap
Agnos_Library	AN-Props	AN-Props.AN-CommunicationsTerminal_02	13	Agnos_Library-00000000.umap
Agnos_Library	AN-Props	AN-Props.AN-HolographicResearchTerminal_00	4	Agnos_Library-ffff0000.umap
Agnos_Library	AN-Props	AN-Props.AN-LibraryObelisk_00	2	Agnos_Library-00000000.umap
Agnos_Library	AN-Props	AN-Props.AN-Mainframe_00	11	Agnos_Library-00000000.umap
Agnos_Library	AN-Props	AN-Props.AN-Mainframe_01	106	Agnos_Library-00000000.umap
Agnos_Library	AN-Props	AN-Props.AN-Shelf_High00	77	Agnos_Library-00000000.umap
Agnos_Library	AN-Props	AN-Props.AN-Shelf_Med00	54	Agnos_Library-00000000.umap
Agnos_Library	AN-Props	AN-Props.AN-StasisChamber00	504	Agnos_Library-fffd0000.umap
Agnos_Library	AN-Props	AN-Props.AN-Table00	5	Agnos_Library-00000000.umap
Agnos_Library	AN-Props	AN-Props.An-Artifact01	16	Agnos_Library-00000000.umap
Agnos_Library	AN-Props	AN-Props.An-Artifact02	4	Agnos_Library-00000000.umap
Agnos_Library	AN-Props	AN-Props.An-Artifact03	4	Agnos_Library-00000000.umap
Agnos_Library	AN-Props	AN-Props.An-Monitor00	16	Agnos_Library-00000000.umap
Agnos_Library	AN-Props	AN-Props.An-Monitor01	14	Agnos_Library-00000000.umap
Agnos_Library	AN-Props	AN-Props.An-Monitor02	23	Agnos_Library-00000000.umap
Agnos_Library	AN-Props	AN-Props.An-Monitor03	28	Agnos_Library-00000000.umap
Agnos_Library	AN-Props	AN-Props.An-Monitor04	5	Agnos_Library-00000000.umap
Agnos_Library	AN-Props	AN-Props.An-Monitordash01	1	Agnos_Library-0001ffff.umap
Agnos_Library	AN-Props	AN-Props.An-Monitordash02	19	Agnos_Library-00000000.umap
Agnos_Library	AN-Props	AN-Props.An-Monitordash03	11	Agnos_Library-00000000.umap
Agnos_Library	AN-Props	AN-Props.An-Monitordash04	1	Agnos_Library-00010000.umap
Agnos_Library	ANM-Props	ANM-Props.ANM-Streetlight00	1	Agnos_Library-0000ffff.umap
Harset	ANM-Props	ANM-Props.ANM-Plant_Med04	9	Harset-00000000.umap
Harset	ANM-Props	ANM-Props.ANM-Plant_Small04	13	Harset-00000000.umap
Menfa_Dark	ANM-Cover	ANM-Cover.ANM-Cover_Med_Rockshelf_I00	1	Menfa_Dark-fffbfffc.umap
Menfa_Light	ANM-Cover	ANM-Cover.ANM-Cover_Med_Rockshelf_I00	1	Menfa_Light-fffbfffc.umap
Omega_Site	SGW_fluids	SGW_fluids.ANM-WaterfallBase00	1	Omega_Site-fffd0002.umap
Tollana	AN-Arch	AN-Arch.AN-HollowWall_TOP00	9	Tollana-00000000.umap
Tollana	AN-Interior	AN-Interior.AN-small_hallway_3way_a_00	2	Tollana-fffdfff7.umap
Tollana	AN-Interior	AN-Interior.AN-small_hallway_4way_a_00	2	Tollana-fffbfffc.umap
Tollana	AN-Interior	AN-Interior.AN-small_hallway_straight_a_1024_00	3	Tollana-0001fffa.umap
Tollana	AN-Interior	AN-Interior.AN-small_hallway_straight_a_2048_00	5	Tollana-fffbfffc.umap
