item_id,item_name,blueprint_id,product_id,method,confidence,note
5395,Blueprint: BioMedical SubComponent A,,,UNMATCHED,none,no cooked product item matches this name by any method tried
5439,Blueprint: BioMedical SubComponent B,,,UNMATCHED,none,no cooked product item matches this name by any method tried
6483,Blueprint: Steel Plating (Materials Subcombine A),25,5398,name-exact,high,
8418,Blueprint: Tier 1 Power Systems Subcombine Aa,24;104;108;112;116;120;140;141;142;143;144;145;146;147;148,5385;5386;5387;5402;5484;5485;5548;5549;5550;5603;5604;5605;5656;5657;5658,subcombine-group-unresolved,none,"group ('Power Systems', 'A') has 15 same-suffix candidate products [5385, 5386, 5387, 5402, 5484, 5485, 5548, 5549, 5550, 5603, 5604, 5605, 5656, 5657, 5658] (likely quality-tier duplicates of the same 3-4 named components); cooked data gives no field to pick which one this scroll teaches, and variant letter 'a' has no confirmed ordinal meaning -- UNRESOLVED, do not treat blueprint_id column as authoritative"
8419,Blueprint: Tier 1 BioMedical Subcombine Aa,102;106;110;118;122;123;124;125;126;127;128;129;130,5336;5338;5360;5362;5524;5525;5526;5572;5573;5574;5620;5621;5622,subcombine-group-unresolved,none,"group ('Bio-Medical', 'A') has 13 same-suffix candidate products [5336, 5338, 5360, 5362, 5524, 5525, 5526, 5572, 5573, 5574, 5620, 5621, 5622] (likely quality-tier duplicates of the same 3-4 named components); cooked data gives no field to pick which one this scroll teaches, and variant letter 'a' has no confirmed ordinal meaning -- UNRESOLVED, do not treat blueprint_id column as authoritative"
8420,Blueprint: Tier 1 Electronics Subcombine Aa,23;103;107;133;137;138;139,5373;5374;5375;5538;5644;5645;5646,subcombine-group-unresolved,none,"group ('Electronics', 'A') has 7 same-suffix candidate products [5373, 5374, 5375, 5538, 5644, 5645, 5646] (likely quality-tier duplicates of the same 3-4 named components); cooked data gives no field to pick which one this scroll teaches, and variant letter 'a' has no confirmed ordinal meaning -- UNRESOLVED, do not treat blueprint_id column as authoritative"
8421,Blueprint: Tier 1 Materials Subcombine Aa,25;105;109;113;117;121;149;150;151;155;156;157,5398;5399;5400;5512;5513;5514;5560;5561;5562;5623;5625;5627,subcombine-group-unresolved,none,"group ('Materials', 'A') has 12 same-suffix candidate products [5398, 5399, 5400, 5512, 5513, 5514, 5560, 5561, 5562, 5623, 5625, 5627] (likely quality-tier duplicates of the same 3-4 named components); cooked data gives no field to pick which one this scroll teaches, and variant letter 'a' has no confirmed ordinal meaning -- UNRESOLVED, do not treat blueprint_id column as authoritative"
8622,Blueprint: Tier 1 BioMedical Subcombine Ab,102;106;110;118;122;123;124;125;126;127;128;129;130,5336;5338;5360;5362;5524;5525;5526;5572;5573;5574;5620;5621;5622,subcombine-group-unresolved,none,"group ('Bio-Medical', 'A') has 13 same-suffix candidate products [5336, 5338, 5360, 5362, 5524, 5525, 5526, 5572, 5573, 5574, 5620, 5621, 5622] (likely quality-tier duplicates of the same 3-4 named components); cooked data gives no field to pick which one this scroll teaches, and variant letter 'b' has no confirmed ordinal meaning -- UNRESOLVED, do not treat blueprint_id column as authoritative"
8623,Blueprint: Tier 1 BioMedical Subcombine Ac,102;106;110;118;122;123;124;125;126;127;128;129;130,5336;5338;5360;5362;5524;5525;5526;5572;5573;5574;5620;5621;5622,subcombine-group-unresolved,none,"group ('Bio-Medical', 'A') has 13 same-suffix candidate products [5336, 5338, 5360, 5362, 5524, 5525, 5526, 5572, 5573, 5574, 5620, 5621, 5622] (likely quality-tier duplicates of the same 3-4 named components); cooked data gives no field to pick which one this scroll teaches, and variant letter 'c' has no confirmed ordinal meaning -- UNRESOLVED, do not treat blueprint_id column as authoritative"
8624,Blueprint: Tier 1 BioMedical Subcombine Ba,158;159;161;163;164;165;166;167;168;169;170;171;172,5339;5341;5363;5364;5527;5528;5529;5575;5576;5577;5624;5626;5628,subcombine-group-unresolved,none,"group ('Bio-Medical', 'B') has 13 same-suffix candidate products [5339, 5341, 5363, 5364, 5527, 5528, 5529, 5575, 5576, 5577, 5624, 5626, 5628] (likely quality-tier duplicates of the same 3-4 named components); cooked data gives no field to pick which one this scroll teaches, and variant letter 'a' has no confirmed ordinal meaning -- UNRESOLVED, do not treat blueprint_id column as authoritative"
8625,Blueprint: Tier 1 BioMedical Subcombine Bb,158;159;161;163;164;165;166;167;168;169;170;171;172,5339;5341;5363;5364;5527;5528;5529;5575;5576;5577;5624;5626;5628,subcombine-group-unresolved,none,"group ('Bio-Medical', 'B') has 13 same-suffix candidate products [5339, 5341, 5363, 5364, 5527, 5528, 5529, 5575, 5576, 5577, 5624, 5626, 5628] (likely quality-tier duplicates of the same 3-4 named components); cooked data gives no field to pick which one this scroll teaches, and variant letter 'b' has no confirmed ordinal meaning -- UNRESOLVED, do not treat blueprint_id column as authoritative"
8626,Blueprint: Tier 1 BioMedical Subcombine Bc,158;159;161;163;164;165;166;167;168;169;170;171;172,5339;5341;5363;5364;5527;5528;5529;5575;5576;5577;5624;5626;5628,subcombine-group-unresolved,none,"group ('Bio-Medical', 'B') has 13 same-suffix candidate products [5339, 5341, 5363, 5364, 5527, 5528, 5529, 5575, 5576, 5577, 5624, 5626, 5628] (likely quality-tier duplicates of the same 3-4 named components); cooked data gives no field to pick which one this scroll teaches, and variant letter 'c' has no confirmed ordinal meaning -- UNRESOLVED, do not treat blueprint_id column as authoritative"
8627,Blueprint: Tier 1 BioMedical Subcombine Ca,191;192;193;194;195;196;197;198;199;200;201;202;203;204;205,5343;5344;5345;5366;5367;5368;5530;5531;5532;5578;5579;5580;5638;5639;5640,subcombine-group-unresolved,none,"group ('Bio-Medical', 'C') has 15 same-suffix candidate products [5343, 5344, 5345, 5366, 5367, 5368, 5530, 5531, 5532, 5578, 5579, 5580, 5638, 5639, 5640] (likely quality-tier duplicates of the same 3-4 named components); cooked data gives no field to pick which one this scroll teaches, and variant letter 'a' has no confirmed ordinal meaning -- UNRESOLVED, do not treat blueprint_id column as authoritative"
8628,Blueprint: Tier 1 BioMedical Subcombine Cb,191;192;193;194;195;196;197;198;199;200;201;202;203;204;205,5343;5344;5345;5366;5367;5368;5530;5531;5532;5578;5579;5580;5638;5639;5640,subcombine-group-unresolved,none,"group ('Bio-Medical', 'C') has 15 same-suffix candidate products [5343, 5344, 5345, 5366, 5367, 5368, 5530, 5531, 5532, 5578, 5579, 5580, 5638, 5639, 5640] (likely quality-tier duplicates of the same 3-4 named components); cooked data gives no field to pick which one this scroll teaches, and variant letter 'b' has no confirmed ordinal meaning -- UNRESOLVED, do not treat blueprint_id column as authoritative"
8629,Blueprint: Tier 1 BioMedical Subcombine Cc,191;192;193;194;195;196;197;198;199;200;201;202;203;204;205,5343;5344;5345;5366;5367;5368;5530;5531;5532;5578;5579;5580;5638;5639;5640,subcombine-group-unresolved,none,"group ('Bio-Medical', 'C') has 15 same-suffix candidate products [5343, 5344, 5345, 5366, 5367, 5368, 5530, 5531, 5532, 5578, 5579, 5580, 5638, 5639, 5640] (likely quality-tier duplicates of the same 3-4 named components); cooked data gives no field to pick which one this scroll teaches, and variant letter 'c' has no confirmed ordinal meaning -- UNRESOLVED, do not treat blueprint_id column as authoritative"
8630,Blueprint: Tier 1 BioMedical Subcombine Da,251;252;253;254;255;256;257;258;259;260;261;262;263;264;265,5346;5347;5348;5370;5371;5372;5533;5534;5535;5581;5582;5583;5641;5642;5643,subcombine-group-unresolved,none,"group ('Bio-Medical', 'D') has 15 same-suffix candidate products [5346, 5347, 5348, 5370, 5371, 5372, 5533, 5534, 5535, 5581, 5582, 5583, 5641, 5642, 5643] (likely quality-tier duplicates of the same 3-4 named components); cooked data gives no field to pick which one this scroll teaches, and variant letter 'a' has no confirmed ordinal meaning -- UNRESOLVED, do not treat blueprint_id column as authoritative"
8632,Blueprint: Tier 1 BioMedical Subcombine Dc,251;252;253;254;255;256;257;258;259;260;261;262;263;264;265,5346;5347;5348;5370;5371;5372;5533;5534;5535;5581;5582;5583;5641;5642;5643,subcombine-group-unresolved,none,"group ('Bio-Medical', 'D') has 15 same-suffix candidate products [5346, 5347, 5348, 5370, 5371, 5372, 5533, 5534, 5535, 5581, 5582, 5583, 5641, 5642, 5643] (likely quality-tier duplicates of the same 3-4 named components); cooked data gives no field to pick which one this scroll teaches, and variant letter 'c' has no confirmed ordinal meaning -- UNRESOLVED, do not treat blueprint_id column as authoritative"
8633,Blueprint: Tier 1 Electronics Subcombine Ab,23;103;107;133;137;138;139,5373;5374;5375;5538;5644;5645;5646,subcombine-group-unresolved,none,"group ('Electronics', 'A') has 7 same-suffix candidate products [5373, 5374, 5375, 5538, 5644, 5645, 5646] (likely quality-tier duplicates of the same 3-4 named components); cooked data gives no field to pick which one this scroll teaches, and variant letter 'b' has no confirmed ordinal meaning -- UNRESOLVED, do not treat blueprint_id column as authoritative"
8634,Blueprint: Tier 1 Electronics Subcombine Ac,23;103;107;133;137;138;139,5373;5374;5375;5538;5644;5645;5646,subcombine-group-unresolved,none,"group ('Electronics', 'A') has 7 same-suffix candidate products [5373, 5374, 5375, 5538, 5644, 5645, 5646] (likely quality-tier duplicates of the same 3-4 named components); cooked data gives no field to pick which one this scroll teaches, and variant letter 'c' has no confirmed ordinal meaning -- UNRESOLVED, do not treat blueprint_id column as authoritative"
8635,Blueprint: Tier 1 Electronics Subcombine Ba,173;174;175;185;186;187,5376;5377;5378;5647;5648;5649,subcombine-group-unresolved,none,"group ('Electronics', 'B') has 6 same-suffix candidate products [5376, 5377, 5378, 5647, 5648, 5649] (likely quality-tier duplicates of the same 3-4 named components); cooked data gives no field to pick which one this scroll teaches, and variant letter 'a' has no confirmed ordinal meaning -- UNRESOLVED, do not treat blueprint_id column as authoritative"
8636,Blueprint: Tier 1 Electronics Subcombine Bb,173;174;175;185;186;187,5376;5377;5378;5647;5648;5649,subcombine-group-unresolved,none,"group ('Electronics', 'B') has 6 same-suffix candidate products [5376, 5377, 5378, 5647, 5648, 5649] (likely quality-tier duplicates of the same 3-4 named components); cooked data gives no field to pick which one this scroll teaches, and variant letter 'b' has no confirmed ordinal meaning -- UNRESOLVED, do not treat blueprint_id column as authoritative"
8637,Blueprint: Tier 1 Electronics Subcombine Bc,173;174;175;185;186;187,5376;5377;5378;5647;5648;5649,subcombine-group-unresolved,none,"group ('Electronics', 'B') has 6 same-suffix candidate products [5376, 5377, 5378, 5647, 5648, 5649] (likely quality-tier duplicates of the same 3-4 named components); cooked data gives no field to pick which one this scroll teaches, and variant letter 'c' has no confirmed ordinal meaning -- UNRESOLVED, do not treat blueprint_id column as authoritative"
8638,Blueprint: Tier 1 Electronics Subcombine Ca,206;207;208;209;218;219;220,5355;5379;5380;5381;5650;5651;5652,subcombine-group-unresolved,none,"group ('Electronics', 'C') has 7 same-suffix candidate products [5355, 5379, 5380, 5381, 5650, 5651, 5652] (likely quality-tier duplicates of the same 3-4 named components); cooked data gives no field to pick which one this scroll teaches, and variant letter 'a' has no confirmed ordinal meaning -- UNRESOLVED, do not treat blueprint_id column as authoritative"
8639,Blueprint: Tier 1 Electronics Subcombine Cb,206;207;208;209;218;219;220,5355;5379;5380;5381;5650;5651;5652,subcombine-group-unresolved,none,"group ('Electronics', 'C') has 7 same-suffix candidate products [5355, 5379, 5380, 5381, 5650, 5651, 5652] (likely quality-tier duplicates of the same 3-4 named components); cooked data gives no field to pick which one this scroll teaches, and variant letter 'b' has no confirmed ordinal meaning -- UNRESOLVED, do not treat blueprint_id column as authoritative"
8640,Blueprint: Tier 1 Electronics Subcombine Cc,206;207;208;209;218;219;220,5355;5379;5380;5381;5650;5651;5652,subcombine-group-unresolved,none,"group ('Electronics', 'C') has 7 same-suffix candidate products [5355, 5379, 5380, 5381, 5650, 5651, 5652] (likely quality-tier duplicates of the same 3-4 named components); cooked data gives no field to pick which one this scroll teaches, and variant letter 'c' has no confirmed ordinal meaning -- UNRESOLVED, do not treat blueprint_id column as authoritative"
8641,Blueprint: Tier 1 Electronics Subcombine Da,266;267;278;279;280,5382;5383;5653;5654;5655,subcombine-group-unresolved,none,"group ('Electronics', 'D') has 5 same-suffix candidate products [5382, 5383, 5653, 5654, 5655] (likely quality-tier duplicates of the same 3-4 named components); cooked data gives no field to pick which one this scroll teaches, and variant letter 'a' has no confirmed ordinal meaning -- UNRESOLVED, do not treat blueprint_id column as authoritative"
8642,Blueprint: Tier 1 Electronics Subcombine Db,266;267;278;279;280,5382;5383;5653;5654;5655,subcombine-group-unresolved,none,"group ('Electronics', 'D') has 5 same-suffix candidate products [5382, 5383, 5653, 5654, 5655] (likely quality-tier duplicates of the same 3-4 named components); cooked data gives no field to pick which one this scroll teaches, and variant letter 'b' has no confirmed ordinal meaning -- UNRESOLVED, do not treat blueprint_id column as authoritative"
8643,Blueprint: Tier 1 Electronics Subcombine Dc,266;267;278;279;280,5382;5383;5653;5654;5655,subcombine-group-unresolved,none,"group ('Electronics', 'D') has 5 same-suffix candidate products [5382, 5383, 5653, 5654, 5655] (likely quality-tier duplicates of the same 3-4 named components); cooked data gives no field to pick which one this scroll teaches, and variant letter 'c' has no confirmed ordinal meaning -- UNRESOLVED, do not treat blueprint_id column as authoritative"
8644,Blueprint: Tier 1 Power Systems Subcombine Ab,24;104;108;112;116;120;140;141;142;143;144;145;146;147;148,5385;5386;5387;5402;5484;5485;5548;5549;5550;5603;5604;5605;5656;5657;5658,subcombine-group-unresolved,none,"group ('Power Systems', 'A') has 15 same-suffix candidate products [5385, 5386, 5387, 5402, 5484, 5485, 5548, 5549, 5550, 5603, 5604, 5605, 5656, 5657, 5658] (likely quality-tier duplicates of the same 3-4 named components); cooked data gives no field to pick which one this scroll teaches, and variant letter 'b' has no confirmed ordinal meaning -- UNRESOLVED, do not treat blueprint_id column as authoritative"
8645,Blueprint: Tier 1 Power Systems Subcombine Ac,24;104;108;112;116;120;140;141;142;143;144;145;146;147;148,5385;5386;5387;5402;5484;5485;5548;5549;5550;5603;5604;5605;5656;5657;5658,subcombine-group-unresolved,none,"group ('Power Systems', 'A') has 15 same-suffix candidate products [5385, 5386, 5387, 5402, 5484, 5485, 5548, 5549, 5550, 5603, 5604, 5605, 5656, 5657, 5658] (likely quality-tier duplicates of the same 3-4 named components); cooked data gives no field to pick which one this scroll teaches, and variant letter 'c' has no confirmed ordinal meaning -- UNRESOLVED, do not treat blueprint_id column as authoritative"
8646,Blueprint: Tier 1 Power Systems Subcombine Ba,188;189;190,5388;5389;5390;5486;5488;5551;5552;5553;5606;5607;5608;5659;5660;5661,subcombine-group-unresolved,none,"group ('Power Systems', 'B') has 14 same-suffix candidate products [5388, 5389, 5390, 5486, 5488, 5551, 5552, 5553, 5606, 5607, 5608, 5659, 5660, 5661] (likely quality-tier duplicates of the same 3-4 named components); cooked data gives no field to pick which one this scroll teaches, and variant letter 'a' has no confirmed ordinal meaning -- UNRESOLVED, do not treat blueprint_id column as authoritative"
8647,Blueprint: Tier 1 Power Systems Subcombine Bb,188;189;190,5388;5389;5390;5486;5488;5551;5552;5553;5606;5607;5608;5659;5660;5661,subcombine-group-unresolved,none,"group ('Power Systems', 'B') has 14 same-suffix candidate products [5388, 5389, 5390, 5486, 5488, 5551, 5552, 5553, 5606, 5607, 5608, 5659, 5660, 5661] (likely quality-tier duplicates of the same 3-4 named components); cooked data gives no field to pick which one this scroll teaches, and variant letter 'b' has no confirmed ordinal meaning -- UNRESOLVED, do not treat blueprint_id column as authoritative"
8648,Blueprint: Tier 1 Power Systems Subcombine Bc,188;189;190,5388;5389;5390;5486;5488;5551;5552;5553;5606;5607;5608;5659;5660;5661,subcombine-group-unresolved,none,"group ('Power Systems', 'B') has 14 same-suffix candidate products [5388, 5389, 5390, 5486, 5488, 5551, 5552, 5553, 5606, 5607, 5608, 5659, 5660, 5661] (likely quality-tier duplicates of the same 3-4 named components); cooked data gives no field to pick which one this scroll teaches, and variant letter 'c' has no confirmed ordinal meaning -- UNRESOLVED, do not treat blueprint_id column as authoritative"
8649,Blueprint: Tier 1 Power Systems Subcombine Ca,221;222;223;224;225;226;227;228;229;230;231;232;233;234;235,5391;5392;5393;5505;5506;5507;5554;5555;5556;5609;5610;5611;5662;5663;5664,subcombine-group-unresolved,none,"group ('Power Systems', 'C') has 15 same-suffix candidate products [5391, 5392, 5393, 5505, 5506, 5507, 5554, 5555, 5556, 5609, 5610, 5611, 5662, 5663, 5664] (likely quality-tier duplicates of the same 3-4 named components); cooked data gives no field to pick which one this scroll teaches, and variant letter 'a' has no confirmed ordinal meaning -- UNRESOLVED, do not treat blueprint_id column as authoritative"
8650,Blueprint: Tier 1 Power Systems Subcombine Cb,221;222;223;224;225;226;227;228;229;230;231;232;233;234;235,5391;5392;5393;5505;5506;5507;5554;5555;5556;5609;5610;5611;5662;5663;5664,subcombine-group-unresolved,none,"group ('Power Systems', 'C') has 15 same-suffix candidate products [5391, 5392, 5393, 5505, 5506, 5507, 5554, 5555, 5556, 5609, 5610, 5611, 5662, 5663, 5664] (likely quality-tier duplicates of the same 3-4 named components); cooked data gives no field to pick which one this scroll teaches, and variant letter 'b' has no confirmed ordinal meaning -- UNRESOLVED, do not treat blueprint_id column as authoritative"
8651,Blueprint: Tier 1 Power Systems Subcombine Cc,221;222;223;224;225;226;227;228;229;230;231;232;233;234;235,5391;5392;5393;5505;5506;5507;5554;5555;5556;5609;5610;5611;5662;5663;5664,subcombine-group-unresolved,none,"group ('Power Systems', 'C') has 15 same-suffix candidate products [5391, 5392, 5393, 5505, 5506, 5507, 5554, 5555, 5556, 5609, 5610, 5611, 5662, 5663, 5664] (likely quality-tier duplicates of the same 3-4 named components); cooked data gives no field to pick which one this scroll teaches, and variant letter 'c' has no confirmed ordinal meaning -- UNRESOLVED, do not treat blueprint_id column as authoritative"
8653,Blueprint: Tier 1 Power Systems Subcombine Db,281;282;283;284;285;286;287;288;289;290;291;292;293;294;295,5394;5396;5397;5508;5509;5511;5557;5558;5559;5613;5615;5617;5665;5666;5667,subcombine-group-unresolved,none,"group ('Power Systems', 'D') has 15 same-suffix candidate products [5394, 5396, 5397, 5508, 5509, 5511, 5557, 5558, 5559, 5613, 5615, 5617, 5665, 5666, 5667] (likely quality-tier duplicates of the same 3-4 named components); cooked data gives no field to pick which one this scroll teaches, and variant letter 'b' has no confirmed ordinal meaning -- UNRESOLVED, do not treat blueprint_id column as authoritative"
8654,Blueprint: Tier 1 Power Systems Subcombine Dc,281;282;283;284;285;286;287;288;289;290;291;292;293;294;295,5394;5396;5397;5508;5509;5511;5557;5558;5559;5613;5615;5617;5665;5666;5667,subcombine-group-unresolved,none,"group ('Power Systems', 'D') has 15 same-suffix candidate products [5394, 5396, 5397, 5508, 5509, 5511, 5557, 5558, 5559, 5613, 5615, 5617, 5665, 5666, 5667] (likely quality-tier duplicates of the same 3-4 named components); cooked data gives no field to pick which one this scroll teaches, and variant letter 'c' has no confirmed ordinal meaning -- UNRESOLVED, do not treat blueprint_id column as authoritative"
8655,Blueprint: Tier 1 Materials Subcombine Ab,25;105;109;113;117;121;149;150;151;155;156;157,5398;5399;5400;5512;5513;5514;5560;5561;5562;5623;5625;5627,subcombine-group-unresolved,none,"group ('Materials', 'A') has 12 same-suffix candidate products [5398, 5399, 5400, 5512, 5513, 5514, 5560, 5561, 5562, 5623, 5625, 5627] (likely quality-tier duplicates of the same 3-4 named components); cooked data gives no field to pick which one this scroll teaches, and variant letter 'b' has no confirmed ordinal meaning -- UNRESOLVED, do not treat blueprint_id column as authoritative"
8656,Blueprint: Tier 1 Materials Subcombine Ac,25;105;109;113;117;121;149;150;151;155;156;157,5398;5399;5400;5512;5513;5514;5560;5561;5562;5623;5625;5627,subcombine-group-unresolved,none,"group ('Materials', 'A') has 12 same-suffix candidate products [5398, 5399, 5400, 5512, 5513, 5514, 5560, 5561, 5562, 5623, 5625, 5627] (likely quality-tier duplicates of the same 3-4 named components); cooked data gives no field to pick which one this scroll teaches, and variant letter 'c' has no confirmed ordinal meaning -- UNRESOLVED, do not treat blueprint_id column as authoritative"
8657,Blueprint: Tier 1 Materials Subcombine Ba,412;413;414,5401;5403;5404;5515;5516;5517;5563;5564;5565;5629;5630;5631,subcombine-group-unresolved,none,"group ('Materials', 'B') has 12 same-suffix candidate products [5401, 5403, 5404, 5515, 5516, 5517, 5563, 5564, 5565, 5629, 5630, 5631] (likely quality-tier duplicates of the same 3-4 named components); cooked data gives no field to pick which one this scroll teaches, and variant letter 'a' has no confirmed ordinal meaning -- UNRESOLVED, do not treat blueprint_id column as authoritative"
8658,Blueprint: Tier 1 Materials Subcombine Bb,412;413;414,5401;5403;5404;5515;5516;5517;5563;5564;5565;5629;5630;5631,subcombine-group-unresolved,none,"group ('Materials', 'B') has 12 same-suffix candidate products [5401, 5403, 5404, 5515, 5516, 5517, 5563, 5564, 5565, 5629, 5630, 5631] (likely quality-tier duplicates of the same 3-4 named components); cooked data gives no field to pick which one this scroll teaches, and variant letter 'b' has no confirmed ordinal meaning -- UNRESOLVED, do not treat blueprint_id column as authoritative"
8660,Blueprint: Tier 1 Materials Subcombine Ca,236;237;239;240;241;242;243;244;248;249;250,5405;5406;5518;5519;5520;5566;5567;5568;5632;5633;5634,subcombine-group-unresolved,none,"group ('Materials', 'C') has 11 same-suffix candidate products [5405, 5406, 5518, 5519, 5520, 5566, 5567, 5568, 5632, 5633, 5634] (likely quality-tier duplicates of the same 3-4 named components); cooked data gives no field to pick which one this scroll teaches, and variant letter 'a' has no confirmed ordinal meaning -- UNRESOLVED, do not treat blueprint_id column as authoritative"
8661,Blueprint: Tier 1 Materials Subcombine Cb,236;237;239;240;241;242;243;244;248;249;250,5405;5406;5518;5519;5520;5566;5567;5568;5632;5633;5634,subcombine-group-unresolved,none,"group ('Materials', 'C') has 11 same-suffix candidate products [5405, 5406, 5518, 5519, 5520, 5566, 5567, 5568, 5632, 5633, 5634] (likely quality-tier duplicates of the same 3-4 named components); cooked data gives no field to pick which one this scroll teaches, and variant letter 'b' has no confirmed ordinal meaning -- UNRESOLVED, do not treat blueprint_id column as authoritative"
8662,Blueprint: Tier 1 Materials Subcombine Cc,236;237;239;240;241;242;243;244;248;249;250,5405;5406;5518;5519;5520;5566;5567;5568;5632;5633;5634,subcombine-group-unresolved,none,"group ('Materials', 'C') has 11 same-suffix candidate products [5405, 5406, 5518, 5519, 5520, 5566, 5567, 5568, 5632, 5633, 5634] (likely quality-tier duplicates of the same 3-4 named components); cooked data gives no field to pick which one this scroll teaches, and variant letter 'c' has no confirmed ordinal meaning -- UNRESOLVED, do not treat blueprint_id column as authoritative"
8663,Blueprint: Tier 1 Materials Subcombine Da,296;297;298;299;300;301;302;303;304;308;309;310,5409;5410;5411;5521;5522;5523;5569;5570;5571;5635;5636;5637,subcombine-group-unresolved,none,"group ('Materials', 'D') has 12 same-suffix candidate products [5409, 5410, 5411, 5521, 5522, 5523, 5569, 5570, 5571, 5635, 5636, 5637] (likely quality-tier duplicates of the same 3-4 named components); cooked data gives no field to pick which one this scroll teaches, and variant letter 'a' has no confirmed ordinal meaning -- UNRESOLVED, do not treat blueprint_id column as authoritative"
8664,Blueprint: Tier 1 Materials Subcombine Db,296;297;298;299;300;301;302;303;304;308;309;310,5409;5410;5411;5521;5522;5523;5569;5570;5571;5635;5636;5637,subcombine-group-unresolved,none,"group ('Materials', 'D') has 12 same-suffix candidate products [5409, 5410, 5411, 5521, 5522, 5523, 5569, 5570, 5571, 5635, 5636, 5637] (likely quality-tier duplicates of the same 3-4 named components); cooked data gives no field to pick which one this scroll teaches, and variant letter 'b' has no confirmed ordinal meaning -- UNRESOLVED, do not treat blueprint_id column as authoritative"
8665,Blueprint: Tier 1 Materials Subcombine Dc,296;297;298;299;300;301;302;303;304;308;309;310,5409;5410;5411;5521;5522;5523;5569;5570;5571;5635;5636;5637,subcombine-group-unresolved,none,"group ('Materials', 'D') has 12 same-suffix candidate products [5409, 5410, 5411, 5521, 5522, 5523, 5569, 5570, 5571, 5635, 5636, 5637] (likely quality-tier duplicates of the same 3-4 named components); cooked data gives no field to pick which one this scroll teaches, and variant letter 'c' has no confirmed ordinal meaning -- UNRESOLVED, do not treat blueprint_id column as authoritative"
8666,Blueprint: Archaeologist Minigame Consumable TC3,311,6799,tc-suffix-match,high,"product family 'Minigame Consumable: Archaeologist', TC match 3"
8667,Blueprint: Archaeologist Minigame Consumable TC5,415,7830,tc-suffix-match,high,"product family 'Minigame Consumable: Archaeologist', TC match 5"
8668,Blueprint: Archaeologist Minigame Consumable TC8,422,7831,tc-suffix-match,high,"product family 'Minigame Consumable: Archaeologist', TC match 8"
8669,Blueprint: Archaeologist Minigame Consumable TC10,429,7832,tc-suffix-match,high,"product family 'Minigame Consumable: Archaeologist', TC match 10"
8670,Blueprint: Archaeologist Minigame Consumable TC13,436,7833,tc-suffix-match,high,"product family 'Minigame Consumable: Archaeologist', TC match 13"
8671,Blueprint: Archaeologist Minigame Consumable TC15,443,7834,tc-suffix-match,high,"product family 'Minigame Consumable: Archaeologist', TC match 15"
8672,Blueprint: Archaeologist Minigame Consumable TC18,450,7835,tc-suffix-match,high,"product family 'Minigame Consumable: Archaeologist', TC match 18"
8673,Blueprint: Archaeologist Minigame Consumable TC20,457,7836,tc-suffix-match,high,"product family 'Minigame Consumable: Archaeologist', TC match 20"
8674,Blueprint: Archaeologist Minigame Consumable TC23,464,7837,tc-suffix-match,high,"product family 'Minigame Consumable: Archaeologist', TC match 23"
8675,Blueprint: Archaeologist Minigame Consumable TC25,471,7838,tc-suffix-match,high,"product family 'Minigame Consumable: Archaeologist', TC match 25"
8676,Blueprint: Archaeologist Minigame Consumable TC28,478,7839,tc-suffix-match,high,"product family 'Minigame Consumable: Archaeologist', TC match 28"
8677,Blueprint: Archaeologist Minigame Consumable TC30,485,7840,tc-suffix-match,high,"product family 'Minigame Consumable: Archaeologist', TC match 30"
8678,Blueprint: Archaeologist Minigame Consumable TC33,492,7841,tc-suffix-match,high,"product family 'Minigame Consumable: Archaeologist', TC match 33"
8679,Blueprint: Archaeologist Minigame Consumable TC35,499,7842,tc-suffix-match,high,"product family 'Minigame Consumable: Archaeologist', TC match 35"
8680,Blueprint: Archaeologist Minigame Consumable TC38,506,7843,tc-suffix-match,high,"product family 'Minigame Consumable: Archaeologist', TC match 38"
8681,Blueprint: Archaeologist Minigame Consumable TC40,513,7844,tc-suffix-match,high,"product family 'Minigame Consumable: Archaeologist', TC match 40"
8682,Blueprint: Archaeologist Minigame Consumable TC43,520,7845,tc-suffix-match,high,"product family 'Minigame Consumable: Archaeologist', TC match 43"
8683,Blueprint: Archaeologist Minigame Consumable TC45,527,7846,tc-suffix-match,high,"product family 'Minigame Consumable: Archaeologist', TC match 45"
8684,Blueprint: Archaeologist Minigame Consumable TC48,534,7847,tc-suffix-match,high,"product family 'Minigame Consumable: Archaeologist', TC match 48"
8685,Blueprint: Archaeologist Minigame Consumable TC50,541,7848,tc-suffix-match,high,"product family 'Minigame Consumable: Archaeologist', TC match 50"
8687,Blueprint: Archaeologist Minigame Consumable TC53,548,7849,tc-suffix-match,high,"product family 'Minigame Consumable: Archaeologist', TC match 53"
8688,Blueprint: Archaeologist Minigame Consumable TC55,555,7850,tc-suffix-match,high,"product family 'Minigame Consumable: Archaeologist', TC match 55"
8689,Blueprint: Asgard Minigame Consumable TC3,312,6798,tc-suffix-match,high,"product family 'Minigame Consumable: Asgard', TC match 3"
8690,Blueprint: Asgard Minigame Consumable TC5,416,7810,tc-suffix-match,high,"product family 'Minigame Consumable: Asgard', TC match 5"
8691,Blueprint: Asgard Minigame Consumable TC8,423,7811,tc-suffix-match,high,"product family 'Minigame Consumable: Asgard', TC match 8"
8692,Blueprint: Asgard Minigame Consumable TC10,430,7812,tc-suffix-match,high,"product family 'Minigame Consumable: Asgard', TC match 10"
8693,Blueprint: Asgard Minigame Consumable TC13,437,7813,tc-suffix-match,high,"product family 'Minigame Consumable: Asgard', TC match 13"
8694,Blueprint: Asgard Minigame Consumable TC15,444,7814,tc-suffix-match,high,"product family 'Minigame Consumable: Asgard', TC match 15"
8695,Blueprint: Asgard Minigame Consumable TC18,451,7815,tc-suffix-match,high,"product family 'Minigame Consumable: Asgard', TC match 18"
8696,Blueprint: Asgard Minigame Consumable TC20,458,7816,tc-suffix-match,high,"product family 'Minigame Consumable: Asgard', TC match 20"
8697,Blueprint: Asgard Minigame Consumable TC23,465,7817,tc-suffix-match,high,"product family 'Minigame Consumable: Asgard', TC match 23"
8698,Blueprint: Asgard Minigame Consumable TC25,472,7818,tc-suffix-match,high,"product family 'Minigame Consumable: Asgard', TC match 25"
8699,Blueprint: Asgard Minigame Consumable TC28,479,7819,tc-suffix-match,high,"product family 'Minigame Consumable: Asgard', TC match 28"
8700,Blueprint: Asgard Minigame Consumable TC30,486,7820,tc-suffix-match,high,"product family 'Minigame Consumable: Asgard', TC match 30"
8701,Blueprint: Asgard Minigame Consumable TC33,493,7821,tc-suffix-match,high,"product family 'Minigame Consumable: Asgard', TC match 33"
8702,Blueprint: Asgard Minigame Consumable TC35,500,7822,tc-suffix-match,high,"product family 'Minigame Consumable: Asgard', TC match 35"
8703,Blueprint: Asgard Minigame Consumable TC38,507,7823,tc-suffix-match,high,"product family 'Minigame Consumable: Asgard', TC match 38"
8704,Blueprint: Asgard Minigame Consumable TC40,514,7824,tc-suffix-match,high,"product family 'Minigame Consumable: Asgard', TC match 40"
8705,Blueprint: Asgard Minigame Consumable TC43,521,7825,tc-suffix-match,high,"product family 'Minigame Consumable: Asgard', TC match 43"
8706,Blueprint: Asgard Minigame Consumable TC45,528,7826,tc-suffix-match,high,"product family 'Minigame Consumable: Asgard', TC match 45"
8707,Blueprint: Asgard Minigame Consumable TC48,535,8477,tc-suffix-match,high,"product family 'Minigame Consumable: Asgard', TC match 48"
8708,Blueprint: Asgard Minigame Consumable TC50,542,7827,tc-suffix-match,high,"product family 'Minigame Consumable: Asgard', TC match 50"
8709,Blueprint: Asgard Minigame Consumable TC53,549,7828,tc-suffix-match,high,"product family 'Minigame Consumable: Asgard', TC match 53"
8710,Blueprint: Asgard Minigame Consumable TC55,556,7829,tc-suffix-match,high,"product family 'Minigame Consumable: Asgard', TC match 55"
8711,Blueprint: Commando Minigame Consumable TC3,313,6800,tc-suffix-match,high,"product family 'Minigame Consumable: Commando', TC match 3"
8712,Blueprint: Commando Minigame Consumable TC5,417,7853,tc-suffix-match,high,"product family 'Minigame Consumable: Commando', TC match 5"
8713,Blueprint: Commando Minigame Consumable TC8,424,7854,tc-suffix-match,high,"product family 'Minigame Consumable: Commando', TC match 8"
8714,Blueprint: Commando Minigame Consumable TC10,431,7855,tc-suffix-match,high,"product family 'Minigame Consumable: Commando', TC match 10"
8715,Blueprint: Commando Minigame Consumable TC13,438,7856,tc-suffix-match,high,"product family 'Minigame Consumable: Commando', TC match 13"
8716,Blueprint: Commando Minigame Consumable TC15,445,7857,tc-suffix-match,high,"product family 'Minigame Consumable: Commando', TC match 15"
8717,Blueprint: Commando Minigame Consumable TC18,452,7858,tc-suffix-match,high,"product family 'Minigame Consumable: Commando', TC match 18"
8718,Blueprint: Commando Minigame Consumable TC20,459,7859,tc-suffix-match,high,"product family 'Minigame Consumable: Commando', TC match 20"
8719,Blueprint: Commando Minigame Consumable TC23,466,7860,tc-suffix-match,high,"product family 'Minigame Consumable: Commando', TC match 23"
8720,Blueprint: Commando Minigame Consumable TC25,473,7861,tc-suffix-match,high,"product family 'Minigame Consumable: Commando', TC match 25"
8721,Blueprint: Commando Minigame Consumable TC28,480,7862,tc-suffix-match,high,"product family 'Minigame Consumable: Commando', TC match 28"
8722,Blueprint: Commando Minigame Consumable TC30,487,7863,tc-suffix-match,high,"product family 'Minigame Consumable: Commando', TC match 30"
8723,Blueprint: Commando Minigame Consumable TC33,494,7864,tc-suffix-match,high,"product family 'Minigame Consumable: Commando', TC match 33"
8724,Blueprint: Commando Minigame Consumable TC35,501,7865,tc-suffix-match,high,"product family 'Minigame Consumable: Commando', TC match 35"
8725,Blueprint: Commando Minigame Consumable TC38,508,7866,tc-suffix-match,high,"product family 'Minigame Consumable: Commando', TC match 38"
8726,Blueprint: Commando Minigame Consumable TC40,515,7867,tc-suffix-match,high,"product family 'Minigame Consumable: Commando', TC match 40"
8727,Blueprint: Commando Minigame Consumable TC43,522,7868,tc-suffix-match,high,"product family 'Minigame Consumable: Commando', TC match 43"
8728,Blueprint: Commando Minigame Consumable TC45,529,7869,tc-suffix-match,high,"product family 'Minigame Consumable: Commando', TC match 45"
8729,Blueprint: Commando Minigame Consumable TC48,536,7870,tc-suffix-match,high,"product family 'Minigame Consumable: Commando', TC match 48"
8730,Blueprint: Commando Minigame Consumable TC50,543,7871,tc-suffix-match,high,"product family 'Minigame Consumable: Commando', TC match 50"
8731,Blueprint: Commando Minigame Consumable TC53,550,7872,tc-suffix-match,high,"product family 'Minigame Consumable: Commando', TC match 53"
8732,Blueprint: Commando Minigame Consumable TC55,557,7873,tc-suffix-match,high,"product family 'Minigame Consumable: Commando', TC match 55"
8733,Blueprint: Goa'uld Minigame Consumable TC3,314,6801,tc-suffix-match,high,"product family 'Minigame Consumable: Goa'uld', TC match 3"
8734,Blueprint: Goa'uld Minigame Consumable TC5,418,7874,tc-suffix-match,high,"product family 'Minigame Consumable: Goa'uld', TC match 5"
8735,Blueprint: Goa'uld Minigame Consumable TC8,425,7875,tc-suffix-match,high,"product family 'Minigame Consumable: Goa'uld', TC match 8"
8736,Blueprint: Goa'uld Minigame Consumable TC10,432,7876,tc-suffix-match,high,"product family 'Minigame Consumable: Goa'uld', TC match 10"
8737,Blueprint: Goa'uld Minigame Consumable TC13,439,7877,tc-suffix-match,high,"product family 'Minigame Consumable: Goa'uld', TC match 13"
8738,Blueprint: Goa'uld Minigame Consumable TC15,446,7878,tc-suffix-match,high,"product family 'Minigame Consumable: Goa'uld', TC match 15"
8739,Blueprint: Goa'uld Minigame Consumable TC18,453,7879,tc-suffix-match,high,"product family 'Minigame Consumable: Goa'uld', TC match 18"
8740,Blueprint: Goa'uld Minigame Consumable TC20,460,7880,tc-suffix-match,high,"product family 'Minigame Consumable: Goa'uld', TC match 20"
8741,Blueprint: Goa'uld Minigame Consumable TC23,467,7881,tc-suffix-match,high,"product family 'Minigame Consumable: Goa'uld', TC match 23"
8742,Blueprint: Goa'uld Minigame Consumable TC25,474,7882,tc-suffix-match,high,"product family 'Minigame Consumable: Goa'uld', TC match 25"
8743,Blueprint: Goa'uld Minigame Consumable TC28,481,7883,tc-suffix-match,high,"product family 'Minigame Consumable: Goa'uld', TC match 28"
8744,Blueprint: Goa'uld Minigame Consumable TC30,488,7884,tc-suffix-match,high,"product family 'Minigame Consumable: Goa'uld', TC match 30"
8745,Blueprint: Goa'uld Minigame Consumable TC33,495,7885,tc-suffix-match,high,"product family 'Minigame Consumable: Goa'uld', TC match 33"
8746,Blueprint: Goa'uld Minigame Consumable TC35,502,7886,tc-suffix-match,high,"product family 'Minigame Consumable: Goa'uld', TC match 35"
8747,Blueprint: Goa'uld Minigame Consumable TC38,509,7887,tc-suffix-match,high,"product family 'Minigame Consumable: Goa'uld', TC match 38"
8748,Blueprint: Goa'uld Minigame Consumable TC40,516,7888,tc-suffix-match,high,"product family 'Minigame Consumable: Goa'uld', TC match 40"
8749,Blueprint: Goa'uld Minigame Consumable TC43,523,7889,tc-suffix-match,high,"product family 'Minigame Consumable: Goa'uld', TC match 43"
8750,Blueprint: Goa'uld Minigame Consumable TC45,530,7890,tc-suffix-match,high,"product family 'Minigame Consumable: Goa'uld', TC match 45"
8751,Blueprint: Goa'uld Minigame Consumable TC48,537,7891,tc-suffix-match,high,"product family 'Minigame Consumable: Goa'uld', TC match 48"
8752,Blueprint: Goa'uld Minigame Consumable TC50,544,7892,tc-suffix-match,high,"product family 'Minigame Consumable: Goa'uld', TC match 50"
8753,Blueprint: Goa'uld Minigame Consumable TC53,551,7893,tc-suffix-match,high,"product family 'Minigame Consumable: Goa'uld', TC match 53"
8754,Blueprint: Goa'uld Minigame Consumable TC55,558,7894,tc-suffix-match,high,"product family 'Minigame Consumable: Goa'uld', TC match 55"
8755,Blueprint: Jaffa Minigame Consumable TC3,315,6803,tc-suffix-match,high,"product family 'Minigame Consumable: Jaffa', TC match 3"
8756,Blueprint: Jaffa Minigame Consumable TC5,419,7895,tc-suffix-match,high,"product family 'Minigame Consumable: Jaffa', TC match 5"
8757,Blueprint: Jaffa Minigame Consumable TC8,426,7896,tc-suffix-match,high,"product family 'Minigame Consumable: Jaffa', TC match 8"
8758,Blueprint: Jaffa Minigame Consumable TC10,433,7897,tc-suffix-match,high,"product family 'Minigame Consumable: Jaffa', TC match 10"
8759,Blueprint: Jaffa Minigame Consumable TC13,440,7898,tc-suffix-match,high,"product family 'Minigame Consumable: Jaffa', TC match 13"
8760,Blueprint: Jaffa Minigame Consumable TC15,447,7899,tc-suffix-match,high,"product family 'Minigame Consumable: Jaffa', TC match 15"
8761,Blueprint: Jaffa Minigame Consumable TC18,454,7900,tc-suffix-match,high,"product family 'Minigame Consumable: Jaffa', TC match 18"
8762,Blueprint: Jaffa Minigame Consumable TC20,461,7901,tc-suffix-match,high,"product family 'Minigame Consumable: Jaffa', TC match 20"
8763,Blueprint: Jaffa Minigame Consumable TC23,468,7902,tc-suffix-match,high,"product family 'Minigame Consumable: Jaffa', TC match 23"
8764,Blueprint: Jaffa Minigame Consumable TC25,475,7903,tc-suffix-match,high,"product family 'Minigame Consumable: Jaffa', TC match 25"
8765,Blueprint: Jaffa Minigame Consumable TC28,482,7904,tc-suffix-match,high,"product family 'Minigame Consumable: Jaffa', TC match 28"
8766,Blueprint: Jaffa Minigame Consumable TC30,489,7905,tc-suffix-match,high,"product family 'Minigame Consumable: Jaffa', TC match 30"
8767,Blueprint: Jaffa Minigame Consumable TC33,496,7906,tc-suffix-match,high,"product family 'Minigame Consumable: Jaffa', TC match 33"
8768,Blueprint: Jaffa Minigame Consumable TC35,503,7907,tc-suffix-match,high,"product family 'Minigame Consumable: Jaffa', TC match 35"
8769,Blueprint: Jaffa Minigame Consumable TC38,510,7908,tc-suffix-match,high,"product family 'Minigame Consumable: Jaffa', TC match 38"
8770,Blueprint: Jaffa Minigame Consumable TC40,517,7909,tc-suffix-match,high,"product family 'Minigame Consumable: Jaffa', TC match 40"
8771,Blueprint: Jaffa Minigame Consumable TC43,524,7910,tc-suffix-match,high,"product family 'Minigame Consumable: Jaffa', TC match 43"
8772,Blueprint: Jaffa Minigame Consumable TC45,531,7911,tc-suffix-match,high,"product family 'Minigame Consumable: Jaffa', TC match 45"
8773,Blueprint: Jaffa Minigame Consumable TC48,538,7912,tc-suffix-match,high,"product family 'Minigame Consumable: Jaffa', TC match 48"
8774,Blueprint: Jaffa Minigame Consumable TC50,545,7913,tc-suffix-match,high,"product family 'Minigame Consumable: Jaffa', TC match 50"
8775,Blueprint: Jaffa Minigame Consumable TC53,552,7914,tc-suffix-match,high,"product family 'Minigame Consumable: Jaffa', TC match 53"
8776,Blueprint: Jaffa Minigame Consumable TC55,559,7915,tc-suffix-match,high,"product family 'Minigame Consumable: Jaffa', TC match 55"
8777,Blueprint: Scientist Minigame Consumable TC3,316,6805,tc-suffix-match,high,"product family 'Minigame Consumable: Scientist', TC match 3"
8778,Blueprint: Scientist Minigame Consumable TC5,420,7916,tc-suffix-match,high,"product family 'Minigame Consumable: Scientist', TC match 5"
8779,Blueprint: Scientist Minigame Consumable TC8,427,7917,tc-suffix-match,high,"product family 'Minigame Consumable: Scientist', TC match 8"
8780,Blueprint: Scientist Minigame Consumable TC10,434,7918,tc-suffix-match,high,"product family 'Minigame Consumable: Scientist', TC match 10"
8781,Blueprint: Scientist Minigame Consumable TC13,441,7919,tc-suffix-match,high,"product family 'Minigame Consumable: Scientist', TC match 13"
8782,Blueprint: Scientist Minigame Consumable TC15,448,7920,tc-suffix-match,high,"product family 'Minigame Consumable: Scientist', TC match 15"
8783,Blueprint: Scientist Minigame Consumable TC18,455,7921,tc-suffix-match,high,"product family 'Minigame Consumable: Scientist', TC match 18"
8784,Blueprint: Scientist Minigame Consumable TC20,462,7922,tc-suffix-match,high,"product family 'Minigame Consumable: Scientist', TC match 20"
8785,Blueprint: Scientist Minigame Consumable TC23,469,7923,tc-suffix-match,high,"product family 'Minigame Consumable: Scientist', TC match 23"
8786,Blueprint: Scientist Minigame Consumable TC25,476,7924,tc-suffix-match,high,"product family 'Minigame Consumable: Scientist', TC match 25"
8787,Blueprint: Scientist Minigame Consumable TC28,483,7925,tc-suffix-match,high,"product family 'Minigame Consumable: Scientist', TC match 28"
8788,Blueprint: Scientist Minigame Consumable TC30,490,7926,tc-suffix-match,high,"product family 'Minigame Consumable: Scientist', TC match 30"
8789,Blueprint: Scientist Minigame Consumable TC33,497,7927,tc-suffix-match,high,"product family 'Minigame Consumable: Scientist', TC match 33"
8790,Blueprint: Scientist Minigame Consumable TC35,504,7928,tc-suffix-match,high,"product family 'Minigame Consumable: Scientist', TC match 35"
8791,Blueprint: Scientist Minigame Consumable TC38,511,7929,tc-suffix-match,high,"product family 'Minigame Consumable: Scientist', TC match 38"
8792,Blueprint: Scientist Minigame Consumable TC40,518,7930,tc-suffix-match,high,"product family 'Minigame Consumable: Scientist', TC match 40"
8793,Blueprint: Scientist Minigame Consumable TC43,525,7931,tc-suffix-match,high,"product family 'Minigame Consumable: Scientist', TC match 43"
8794,Blueprint: Scientist Minigame Consumable TC45,532,7932,tc-suffix-match,high,"product family 'Minigame Consumable: Scientist', TC match 45"
8795,Blueprint: Scientist Minigame Consumable TC48,539,7933,tc-suffix-match,high,"product family 'Minigame Consumable: Scientist', TC match 48"
8796,Blueprint: Scientist Minigame Consumable TC50,546,7934,tc-suffix-match,high,"product family 'Minigame Consumable: Scientist', TC match 50"
8797,Blueprint: Scientist Minigame Consumable TC53,553,7935,tc-suffix-match,high,"product family 'Minigame Consumable: Scientist', TC match 53"
8798,Blueprint: Scientist Minigame Consumable TC55,560,7936,tc-suffix-match,high,"product family 'Minigame Consumable: Scientist', TC match 55"
8799,Blueprint: Soldier Minigame Consumable TC3,317,6804,tc-suffix-match,high,"product family 'Minigame Consumable: Soldier', TC match 3"
8800,Blueprint: Soldier Minigame Consumable TC5,421,7937,tc-suffix-match,high,"product family 'Minigame Consumable: Soldier', TC match 5"
8801,Blueprint: Soldier Minigame Consumable TC8,428,7938,tc-suffix-match,high,"product family 'Minigame Consumable: Soldier', TC match 8"
8802,Blueprint: Soldier Minigame Consumable TC10,435,7939,tc-suffix-match,high,"product family 'Minigame Consumable: Soldier', TC match 10"
8803,Blueprint: Soldier Minigame Consumable TC13,442,7940,tc-suffix-match,high,"product family 'Minigame Consumable: Soldier', TC match 13"
8804,Blueprint: Soldier Minigame Consumable TC15,449,7941,tc-suffix-match,high,"product family 'Minigame Consumable: Soldier', TC match 15"
8805,Blueprint: Soldier Minigame Consumable TC18,456,7942,tc-suffix-match,high,"product family 'Minigame Consumable: Soldier', TC match 18"
8806,Blueprint: Soldier Minigame Consumable TC20,463,7943,tc-suffix-match,high,"product family 'Minigame Consumable: Soldier', TC match 20"
8807,Blueprint: Soldier Minigame Consumable TC23,470,7944,tc-suffix-match,high,"product family 'Minigame Consumable: Soldier', TC match 23"
8808,Blueprint: Soldier Minigame Consumable TC25,477,7945,tc-suffix-match,high,"product family 'Minigame Consumable: Soldier', TC match 25"
8809,Blueprint: Soldier Minigame Consumable TC28,484,7946,tc-suffix-match,high,"product family 'Minigame Consumable: Soldier', TC match 28"
8810,Blueprint: Soldier Minigame Consumable TC30,491,7947,tc-suffix-match,high,"product family 'Minigame Consumable: Soldier', TC match 30"
8811,Blueprint: Soldier Minigame Consumable TC33,498,7948,tc-suffix-match,high,"product family 'Minigame Consumable: Soldier', TC match 33"
8812,Blueprint: Soldier Minigame Consumable TC35,505,7949,tc-suffix-match,high,"product family 'Minigame Consumable: Soldier', TC match 35"
8813,Blueprint: Soldier Minigame Consumable TC38,512,7950,tc-suffix-match,high,"product family 'Minigame Consumable: Soldier', TC match 38"
8814,Blueprint: Soldier Minigame Consumable TC40,519,7951,tc-suffix-match,high,"product family 'Minigame Consumable: Soldier', TC match 40"
8815,Blueprint: Soldier Minigame Consumable TC43,526,7952,tc-suffix-match,high,"product family 'Minigame Consumable: Soldier', TC match 43"
8816,Blueprint: Soldier Minigame Consumable TC45,533,7953,tc-suffix-match,high,"product family 'Minigame Consumable: Soldier', TC match 45"
8817,Blueprint: Soldier Minigame Consumable TC48,540,7954,tc-suffix-match,high,"product family 'Minigame Consumable: Soldier', TC match 48"
8818,Blueprint: Soldier Minigame Consumable TC50,547,7955,tc-suffix-match,high,"product family 'Minigame Consumable: Soldier', TC match 50"
8819,Blueprint: Soldier Minigame Consumable TC53,554,7956,tc-suffix-match,high,"product family 'Minigame Consumable: Soldier', TC match 53"
8820,Blueprint: Soldier Minigame Consumable TC55,561,7957,tc-suffix-match,high,"product family 'Minigame Consumable: Soldier', TC match 55"
8822,Blueprint: Health Slappack Consumable TC5,,,tc-suffix-no-product,none,"product family 'Health Slappack', TC match 5; no cooked product item at this TC for this flavor -- product was never shipped"
8823,Blueprint: Health Slappack Consumable TC10,,,tc-suffix-no-product,none,"product family 'Health Slappack', TC match 10; no cooked product item at this TC for this flavor -- product was never shipped"
8824,Blueprint: Health Slappack Consumable TC15,,,tc-suffix-no-product,none,"product family 'Health Slappack', TC match 15; no cooked product item at this TC for this flavor -- product was never shipped"
8825,Blueprint: Health Slappack Consumable TC20,,,tc-suffix-no-product,none,"product family 'Health Slappack', TC match 20; no cooked product item at this TC for this flavor -- product was never shipped"
8826,Blueprint: Health Slappack Consumable TC25,,,tc-suffix-no-product,none,"product family 'Health Slappack', TC match 25; no cooked product item at this TC for this flavor -- product was never shipped"
8827,Blueprint: Health Slappack Consumable TC30,,,tc-suffix-no-product,none,"product family 'Health Slappack', TC match 30; no cooked product item at this TC for this flavor -- product was never shipped"
8828,Blueprint: Health Slappack Consumable TC35,,,tc-suffix-no-product,none,"product family 'Health Slappack', TC match 35; no cooked product item at this TC for this flavor -- product was never shipped"
8829,Blueprint: Health Slappack Consumable TC40,,,tc-suffix-no-product,none,"product family 'Health Slappack', TC match 40; no cooked product item at this TC for this flavor -- product was never shipped"
8830,Blueprint: Health Slappack Consumable TC45,,,tc-suffix-no-product,none,"product family 'Health Slappack', TC match 45; no cooked product item at this TC for this flavor -- product was never shipped"
8831,Blueprint: Health Slappack Consumable TC50,,,tc-suffix-no-product,none,"product family 'Health Slappack', TC match 50; no cooked product item at this TC for this flavor -- product was never shipped"
8832,Blueprint: Focus Slappack Consumable TC5,,,tc-suffix-no-product,none,"product family 'Focus Slappack', TC match 5; no cooked product item at this TC for this flavor -- product was never shipped"
8833,Blueprint: Focus Slappack Consumable TC10,,,tc-suffix-no-product,none,"product family 'Focus Slappack', TC match 10; no cooked product item at this TC for this flavor -- product was never shipped"
8834,Blueprint: Focus Slappack Consumable TC15,,,tc-suffix-no-product,none,"product family 'Focus Slappack', TC match 15; no cooked product item at this TC for this flavor -- product was never shipped"
8835,Blueprint: Focus Slappack Consumable TC20,,,tc-suffix-no-product,none,"product family 'Focus Slappack', TC match 20; no cooked product item at this TC for this flavor -- product was never shipped"
8836,Blueprint: Focus Slappack Consumable TC25,,,tc-suffix-no-product,none,"product family 'Focus Slappack', TC match 25; no cooked product item at this TC for this flavor -- product was never shipped"
8837,Blueprint: Focus Slappack Consumable TC30,,,tc-suffix-no-product,none,"product family 'Focus Slappack', TC match 30; no cooked product item at this TC for this flavor -- product was never shipped"
8838,Blueprint: Focus Slappack Consumable TC35,,,tc-suffix-no-product,none,"product family 'Focus Slappack', TC match 35; no cooked product item at this TC for this flavor -- product was never shipped"
8839,Blueprint: Focus Slappack Consumable TC40,,,tc-suffix-no-product,none,"product family 'Focus Slappack', TC match 40; no cooked product item at this TC for this flavor -- product was never shipped"
8840,Blueprint: Focus Slappack Consumable TC45,,,tc-suffix-no-product,none,"product family 'Focus Slappack', TC match 45; no cooked product item at this TC for this flavor -- product was never shipped"
8841,Blueprint: Focus Slappack Consumable TC50,,,tc-suffix-no-product,none,"product family 'Focus Slappack', TC match 50; no cooked product item at this TC for this flavor -- product was never shipped"
8842,Blueprint: Disguise Slappack Consumable TC10,,,tc-suffix-no-product,none,"product family 'Disguise Slappack', TC match 10; no cooked product item at this TC for this flavor -- product was never shipped"
8843,Blueprint: Disguise Slappack Consumable TC15,,,tc-suffix-no-product,none,"product family 'Disguise Slappack', TC match 15; no cooked product item at this TC for this flavor -- product was never shipped"
8844,Blueprint: Disguise Slappack Consumable TC20,,,tc-suffix-no-product,none,"product family 'Disguise Slappack', TC match 20; no cooked product item at this TC for this flavor -- product was never shipped"
8845,Blueprint: Disguise Slappack Consumable TC25,,,tc-suffix-no-product,none,"product family 'Disguise Slappack', TC match 25; no cooked product item at this TC for this flavor -- product was never shipped"
8846,Blueprint: Disguise Slappack Consumable TC30,,,tc-suffix-no-product,none,"product family 'Disguise Slappack', TC match 30; no cooked product item at this TC for this flavor -- product was never shipped"
8847,Blueprint: Disguise Slappack Consumable TC35,,,tc-suffix-no-product,none,"product family 'Disguise Slappack', TC match 35; no cooked product item at this TC for this flavor -- product was never shipped"
8848,Blueprint: Disguise Slappack Consumable TC40,,,tc-suffix-no-product,none,"product family 'Disguise Slappack', TC match 40; no cooked product item at this TC for this flavor -- product was never shipped"
8849,Blueprint: Disguise Slappack Consumable TC45,,,tc-suffix-no-product,none,"product family 'Disguise Slappack', TC match 45; no cooked product item at this TC for this flavor -- product was never shipped"
8850,Blueprint: Disguise Slappack Consumable TC50,,,tc-suffix-no-product,none,"product family 'Disguise Slappack', TC match 50; no cooked product item at this TC for this flavor -- product was never shipped"
8851,Blueprint: Stealth Slappack Consumable TC5,,,tc-suffix-no-product,none,"product family 'Stealth Slappack', TC match 5; no cooked product item at this TC for this flavor -- product was never shipped"
8852,Blueprint: Stealth Slappack Consumable TC10,,,tc-suffix-no-product,none,"product family 'Stealth Slappack', TC match 10; no cooked product item at this TC for this flavor -- product was never shipped"
8853,Blueprint: Stealth Slappack Consumable TC15,,,tc-suffix-no-product,none,"product family 'Stealth Slappack', TC match 15; no cooked product item at this TC for this flavor -- product was never shipped"
8854,Blueprint: Stealth Slappack Consumable TC20,,,tc-suffix-no-product,none,"product family 'Stealth Slappack', TC match 20; no cooked product item at this TC for this flavor -- product was never shipped"
8855,Blueprint: Stealth Slappack Consumable TC25,,,tc-suffix-no-product,none,"product family 'Stealth Slappack', TC match 25; no cooked product item at this TC for this flavor -- product was never shipped"
8856,Blueprint: Stealth Slappack Consumable TC35,,,tc-suffix-no-product,none,"product family 'Stealth Slappack', TC match 35; no cooked product item at this TC for this flavor -- product was never shipped"
8857,Blueprint: Stealth Slappack Consumable TC40,,,tc-suffix-no-product,none,"product family 'Stealth Slappack', TC match 40; no cooked product item at this TC for this flavor -- product was never shipped"
8858,Blueprint: Stealth Slappack Consumable TC45,,,tc-suffix-no-product,none,"product family 'Stealth Slappack', TC match 45; no cooked product item at this TC for this flavor -- product was never shipped"
8859,Blueprint: Stealth Slappack Consumable TC50,,,tc-suffix-no-product,none,"product family 'Stealth Slappack', TC match 50; no cooked product item at this TC for this flavor -- product was never shipped"
8860,Blueprint: Energy Slappack Consumable TC5,,,tc-suffix-no-product,none,"product family 'Energy Slappack', TC match 5; no cooked product item at this TC for this flavor -- product was never shipped"
8861,Blueprint: Energy Slappack Consumable TC10,,,tc-suffix-no-product,none,"product family 'Energy Slappack', TC match 10; no cooked product item at this TC for this flavor -- product was never shipped"
8862,Blueprint: Energy Slappack Consumable TC15,,,tc-suffix-no-product,none,"product family 'Energy Slappack', TC match 15; no cooked product item at this TC for this flavor -- product was never shipped"
8863,Blueprint: Energy Slappack Consumable TC20,,,tc-suffix-no-product,none,"product family 'Energy Slappack', TC match 20; no cooked product item at this TC for this flavor -- product was never shipped"
8864,Blueprint: Energy Slappack Consumable TC25,,,tc-suffix-no-product,none,"product family 'Energy Slappack', TC match 25; no cooked product item at this TC for this flavor -- product was never shipped"
8865,Blueprint: Energy Slappack Consumable TC30,,,tc-suffix-no-product,none,"product family 'Energy Slappack', TC match 30; no cooked product item at this TC for this flavor -- product was never shipped"
8866,Blueprint: Energy Slappack Consumable TC35,,,tc-suffix-no-product,none,"product family 'Energy Slappack', TC match 35; no cooked product item at this TC for this flavor -- product was never shipped"
8867,Blueprint: Energy Slappack Consumable TC40,,,tc-suffix-no-product,none,"product family 'Energy Slappack', TC match 40; no cooked product item at this TC for this flavor -- product was never shipped"
8868,Blueprint: Energy Slappack Consumable TC45,,,tc-suffix-no-product,none,"product family 'Energy Slappack', TC match 45; no cooked product item at this TC for this flavor -- product was never shipped"
8869,Blueprint: Energy Slappack Consumable TC50,,,tc-suffix-no-product,none,"product family 'Energy Slappack', TC match 50; no cooked product item at this TC for this flavor -- product was never shipped"
8870,Blueprint: Omni Antidote,377,6664,name-exact,high,
8871,Blueprint: Double Omni Antidote,379,6666,name-exact,high,
8872,Blueprint: Panacea Antidote,378,6665,name-exact,high,
8873,Blueprint: Health/Mental Antidote,371,6597,name-exact,high,
8874,Blueprint: Health/Kinetic Antidote,370,6598,name-exact,high,
8875,Blueprint: Kinetic/Mental Antidote,372,6577,name-exact,high,
8877,Blueprint: Kinetic/Mental/Health Antidote,376,6599,name-exact,high,
8878,Blueprint: Kinetic/Mental Antidote,372,6577,name-exact,high,
8880,Blueprint: Double Health/Kinetic Antidote,373,6660,name-exact,high,
8881,Blueprint: Double Kinetic/Mental Antidote,375,6662,name-exact,high,
8882,Blueprint: Health Antidote,367;369,,name-exact-ambiguous,medium,2 blueprints share product name 'health antidote' -- see findings doc for per-case notes
8883,Blueprint: Double Health/Mental Antidote,374,6661,name-exact,high,
8884,Blueprint: Double Omni Antidote,379,6666,name-exact,high,
8885,Blueprint: Mental Antidote,,,UNMATCHED,none,no cooked product item matches this name by any method tried
8886,Blueprint: Kinetic Antidote,368,6656,name-exact,high,
8922,Blueprint: Mark III Stimpack: Fortitude,382,6679,name-exact,high,
8923,Blueprint: Mark III Stimpack: Perception,385,6682,name-exact,high,
8924,Blueprint: Mark III Stimpack: Engagement,381,6678,name-exact,high,
8925,Blueprint: Mark III Stimpack: Morale,384,6681,name-exact,high,
8926,Blueprint: Mark III Stimpack: Intellect,383,6680,name-exact,high,
8927,Blueprint: Mark III Stimpack: Coordination,380,6677,name-exact,high,
8928,Blueprint: Mark V Stimpack: Coordination/Engagement,386,6697,name-exact,high,
8929,Blueprint: Mark VII Stimpack: Coordination/Engagement,392,6717,name-exact,high,
8930,Blueprint: Mark X Stimpack: Coordination/Engagement,398,6718,name-exact,high,
8931,Blueprint: Mark V Stimpack: Engagement/Perception,387,6719,name-exact,high,
8932,Blueprint: Mark VII Stimpack: Engagement/Perception,393,6720,name-exact,high,
8933,Blueprint: Mark X Stimpack: Engagement/Perception,399,6721,name-exact,high,
8934,Blueprint: Mark V Stimpack: Fortitude/Coordination,388,6722,name-exact,high,
8935,Blueprint: Mark VII Stimpack: Fortitude/Coordination,394,6723,name-exact,high,
8936,Blueprint: Mark X Stimpack: Fortitude/Coordination,400,6724,name-exact,high,
8937,Blueprint: Mark V Stimpack: Intellect/Morale,390,6725,name-exact,high,
8938,Blueprint: Mark VII Stimpack: Intellect/Morale,396,6726,name-exact-disambiguated,high,"of the 2 blueprints sharing product name 'Mark VII Stimpack: Intellect/Morale' (396->6726 TC35, 402->6727 TC50-mislabeled), 396/6726 is the correctly tiered Mark VII; 402/6727 is claimed by item 8939 (see its note)"
8939,Blueprint: Mark X Stimpack: Intellect/Morale,402,6727,structural-tier-progression,medium-high,product 6727's cooked Name says 'Mark VII Stimpack: Intellect/Morale' (a client naming-bug duplicate of product 6726's real Mark VII label) but its TechComp=50 matches the 'Mark X' slot in the 25/35/50 tier progression seen in all 6 stimpack pairs; blueprint 402 is the sole blueprint producing 6727
8940,Blueprint: Mark V Stimpack:Morale/Fortitude,391,6728,name-exact,high,
8941,Blueprint: Mark VII Stimpack:Morale/Fortitude,397,6729,name-exact,high,
8942,Blueprint: Mark X Stimpack:Morale/Fortitude,403,6730,name-exact,high,
8943,Blueprint: Mark V Stimpack:Perception/Intellect,389,6731,name-exact,high,
8944,Blueprint: Mark VII Stimpack:Perception/Intellect,395,6732,name-exact,high,
8945,Blueprint: Mark X Stimpack:Perception/Intellect,401,6733,name-exact,high,
